<?xml version="1.0" encoding="UTF-8"?><rss version="2.0"
	xmlns:content="http://purl.org/rss/1.0/modules/content/"
	xmlns:dc="http://purl.org/dc/elements/1.1/"
	xmlns:atom="http://www.w3.org/2005/Atom"
	xmlns:sy="http://purl.org/rss/1.0/modules/syndication/"
	
	>
<channel>
	<title>
	「甲醛泡过的胡萝卜你买到过吗？测评科技与狠活，甲醛胡萝卜」的评论	</title>
	<atom:link href="/archives/1199/feed" rel="self" type="application/rss+xml" />
	<link>/archives/1199</link>
	<description></description>
	<lastBuildDate>Fri, 19 Apr 2024 07:23:46 +0000</lastBuildDate>
	<sy:updatePeriod>
	hourly	</sy:updatePeriod>
	<sy:updateFrequency>
	1	</sy:updateFrequency>
	<generator>https://wordpress.org/?v=6.5.2</generator>
</channel>
</rss>
