<?xml version="1.0" encoding="UTF-8"?><rss version="2.0"
	xmlns:content="http://purl.org/rss/1.0/modules/content/"
	xmlns:dc="http://purl.org/dc/elements/1.1/"
	xmlns:atom="http://www.w3.org/2005/Atom"
	xmlns:sy="http://purl.org/rss/1.0/modules/syndication/"
	
	>
<channel>
	<title>
	「德国经济部化事人哈贝克像个路人，他去乌克兰访问，没有前呼后拥的保镖，自己背着两大包行李」的评论	</title>
	<atom:link href="/archives/1258/feed" rel="self" type="application/rss+xml" />
	<link>/archives/1258</link>
	<description></description>
	<lastBuildDate>Sun, 21 Apr 2024 08:56:33 +0000</lastBuildDate>
	<sy:updatePeriod>
	hourly	</sy:updatePeriod>
	<sy:updateFrequency>
	1	</sy:updateFrequency>
	<generator>https://wordpress.org/?v=6.5.2</generator>
</channel>
</rss>
