<?xml version="1.0" encoding="UTF-8"?><rss version="2.0"
	xmlns:content="http://purl.org/rss/1.0/modules/content/"
	xmlns:dc="http://purl.org/dc/elements/1.1/"
	xmlns:atom="http://www.w3.org/2005/Atom"
	xmlns:sy="http://purl.org/rss/1.0/modules/syndication/"
	
	>
<channel>
	<title>
	「假救护车又来了，看紧自己的孩子，严打十几年，黑救护为何横行至今？是不是真的太贵了用不起」的评论	</title>
	<atom:link href="/archives/1264/feed" rel="self" type="application/rss+xml" />
	<link>/archives/1264</link>
	<description></description>
	<lastBuildDate>Sun, 21 Apr 2024 09:21:05 +0000</lastBuildDate>
	<sy:updatePeriod>
	hourly	</sy:updatePeriod>
	<sy:updateFrequency>
	1	</sy:updateFrequency>
	<generator>https://wordpress.org/?v=6.5.2</generator>
</channel>
</rss>
