<?xml version="1.0" encoding="UTF-8"?><rss version="2.0"
	xmlns:content="http://purl.org/rss/1.0/modules/content/"
	xmlns:dc="http://purl.org/dc/elements/1.1/"
	xmlns:atom="http://www.w3.org/2005/Atom"
	xmlns:sy="http://purl.org/rss/1.0/modules/syndication/"
	
	>
<channel>
	<title>
	「假道理：对外胆小如鼠，对内豪横如虎（义和团思想）」的评论	</title>
	<atom:link href="/archives/1166/feed" rel="self" type="application/rss+xml" />
	<link>/archives/1166</link>
	<description></description>
	<lastBuildDate>Fri, 19 Apr 2024 01:25:39 +0000</lastBuildDate>
	<sy:updatePeriod>
	hourly	</sy:updatePeriod>
	<sy:updateFrequency>
	1	</sy:updateFrequency>
	<generator>https://wordpress.org/?v=6.5.2</generator>
</channel>
</rss>
