<?xml version="1.0" encoding="UTF-8"?><rss version="2.0"
	xmlns:content="http://purl.org/rss/1.0/modules/content/"
	xmlns:dc="http://purl.org/dc/elements/1.1/"
	xmlns:atom="http://www.w3.org/2005/Atom"
	xmlns:sy="http://purl.org/rss/1.0/modules/syndication/"
	
	>
<channel>
	<title>
	「日本街头一位老人意外摔倒，路过的行人毫不犹豫的将其扶起」的评论	</title>
	<atom:link href="/archives/57/feed" rel="self" type="application/rss+xml" />
	<link>/archives/57</link>
	<description></description>
	<lastBuildDate>Thu, 18 Apr 2024 09:30:43 +0000</lastBuildDate>
	<sy:updatePeriod>
	hourly	</sy:updatePeriod>
	<sy:updateFrequency>
	1	</sy:updateFrequency>
	<generator>https://wordpress.org/?v=6.5.2</generator>
</channel>
</rss>
