<?xml version="1.0" encoding="UTF-8"?><rss version="2.0"
	xmlns:content="http://purl.org/rss/1.0/modules/content/"
	xmlns:wfw="http://wellformedweb.org/CommentAPI/"
	xmlns:dc="http://purl.org/dc/elements/1.1/"
	xmlns:atom="http://www.w3.org/2005/Atom"
	xmlns:sy="http://purl.org/rss/1.0/modules/syndication/"
	xmlns:slash="http://purl.org/rss/1.0/modules/slash/"
	>

<channel>
	<title>国外新闻归档 - 中国人</title>
	<atom:link href="/archives/category/trending/feed" rel="self" type="application/rss+xml" />
	<link>/archives/category/trending</link>
	<description></description>
	<lastBuildDate>Sun, 21 Apr 2024 08:56:33 +0000</lastBuildDate>
	<language>zh-CN</language>
	<sy:updatePeriod>
	hourly	</sy:updatePeriod>
	<sy:updateFrequency>
	1	</sy:updateFrequency>
	<generator>https://wordpress.org/?v=6.5.2</generator>

<image>
	<url>/wp-content/uploads/2024/04/cropped-0-1-32x32.jpg</url>
	<title>国外新闻归档 - 中国人</title>
	<link>/archives/category/trending</link>
	<width>32</width>
	<height>32</height>
</image> 
	<item>
		<title>德国经济部化事人哈贝克像个路人，他去乌克兰访问，没有前呼后拥的保镖，自己背着两大包行李</title>
		<link>/archives/1258</link>
					<comments>/archives/1258#respond</comments>
		
		<dc:creator><![CDATA[中国人]]></dc:creator>
		<pubDate>Sun, 21 Apr 2024 08:56:30 +0000</pubDate>
				<category><![CDATA[国外新闻]]></category>
		<guid isPermaLink="false">http://chinaman.cloudns.ch/?p=1258</guid>

					<description><![CDATA[<p>德国经济部长到达基辅，没有前呼后拥的保镖，完全像一 [&#8230;]</p>
<p><a href="/archives/1258">德国经济部化事人哈贝克像个路人，他去乌克兰访问，没有前呼后拥的保镖，自己背着两大包行李</a>最先出现在<a href="/">中国人</a>。</p>
]]></description>
										<content:encoded><![CDATA[
<p>德国经济部长到达基辅，没有前呼后拥的保镖，完全像一个路人。</p>



<p>竟然不清场，然后找文工团又崩又跳的欢迎。</p>



<p>都不如一个镇长的派头。</p>



<p>那些不懂什么是 西方文明的，认真看下。</p>



<p>我们决不能学西方那一套。</p>
<p><a href="/archives/1258">德国经济部化事人哈贝克像个路人，他去乌克兰访问，没有前呼后拥的保镖，自己背着两大包行李</a>最先出现在<a href="/">中国人</a>。</p>
]]></content:encoded>
					
					<wfw:commentRss>/archives/1258/feed</wfw:commentRss>
			<slash:comments>0</slash:comments>
		
		
			</item>
		<item>
		<title>美国众议院316票对94票通过了援助法案</title>
		<link>/archives/1255</link>
					<comments>/archives/1255#respond</comments>
		
		<dc:creator><![CDATA[中国人]]></dc:creator>
		<pubDate>Sun, 21 Apr 2024 08:46:31 +0000</pubDate>
				<category><![CDATA[国外新闻]]></category>
		<guid isPermaLink="false">http://chinaman.cloudns.ch/?p=1255</guid>

					<description><![CDATA[<p>最新消息，美国众议院316票对94票，通过了议长麦 [&#8230;]</p>
<p><a href="/archives/1255">美国众议院316票对94票通过了援助法案</a>最先出现在<a href="/">中国人</a>。</p>
]]></description>
										<content:encoded><![CDATA[
<p>最新消息，美国众议院316票对94票，通过了议长麦克约翰逊提出的950亿美元的，对外援助核武器一揽子计划，三项对外援助法案。将规定264亿美元用于支持以色列，608亿美元援助乌克兰，斥资81亿美元在印度太平洋地区对抗中国，重点是台湾和以色列，措施详情，其中包括超过91亿美元用于满足巴勒斯坦人的人道主义需求，民主党人称这是他们支持所必须的，另一项法案涉及国家安全问题，包括针对tiktok所有权的措施，和回购法案，该法案涉及清算被扣押的俄罗斯资产，以支持乌克兰。</p>
<p><a href="/archives/1255">美国众议院316票对94票通过了援助法案</a>最先出现在<a href="/">中国人</a>。</p>
]]></content:encoded>
					
					<wfw:commentRss>/archives/1255/feed</wfw:commentRss>
			<slash:comments>0</slash:comments>
		
		
			</item>
		<item>
		<title>米莱总统带队到特斯拉谈卖矿，马斯克让他在大厅等候，不丢人为他点赞</title>
		<link>/archives/1246</link>
					<comments>/archives/1246#respond</comments>
		
		<dc:creator><![CDATA[中国人]]></dc:creator>
		<pubDate>Sun, 21 Apr 2024 08:05:36 +0000</pubDate>
				<category><![CDATA[国外新闻]]></category>
		<guid isPermaLink="false">http://chinaman.cloudns.ch/?p=1246</guid>

					<description><![CDATA[<p>有人说阿根廷的总统米莱，可能是阿根廷最丢人的总统， [&#8230;]</p>
<p><a href="/archives/1246">米莱总统带队到特斯拉谈卖矿，马斯克让他在大厅等候，不丢人为他点赞</a>最先出现在<a href="/">中国人</a>。</p>
]]></description>
										<content:encoded><![CDATA[
<p>有人说阿根廷的总统米莱，可能是阿根廷最丢人的总统，历届来最丢人的总统。也有人说他不仅仅是阿根廷最丢人的总统，可能是南美洲最丢人的总统。他自己带着一个叫商贸团的队伍来到美国，直接跑到了特斯拉的总部，而且特斯拉据说这马斯克很意外，怎么会有这么高的一个领导跑到我的总部，但是这个马斯克，这个人性格也比较怪异，直接就没有到办公室接待，到楼下的会客厅，你在楼下等我，到了楼下会客厅，简单的交流了一下，问了一下你到底来的什么目的。当米莱说到，他的国内经济不是太好，他希望把国内的一个非常大的锂矿卖给特斯拉，那么换取一些美元，来缓解他国内的这样的经济，所以有的时候我们就很意外，你这样一个国家，本来阿根廷在南美当中是第二大国家，仅次于巴西，要什么有什么，有矿场，有粮食自己有非常长的海岸线，你做点贸易，做点转出口，你做什么都没有问题的。而且它还生产大豆。本身来讲自己的这个农业，包括矿产资源，包括旅游业，甚至他的森林资源都非常好，他至少是个类似澳大利亚和新西兰的发达国家。他现在达到了买自己的资源，卖自己的锂矿。</p>



<p>不丢人为他点赞，不丢人反而更得到人民的尊敬，他头脑清楚，处处为人民服务，很难得，这样务实不好吗？马斯克德州工厂自己生产4680电池。米莱很努力了，他为人民谋幸福，这值得敬佩。</p>
<p><a href="/archives/1246">米莱总统带队到特斯拉谈卖矿，马斯克让他在大厅等候，不丢人为他点赞</a>最先出现在<a href="/">中国人</a>。</p>
]]></content:encoded>
					
					<wfw:commentRss>/archives/1246/feed</wfw:commentRss>
			<slash:comments>0</slash:comments>
		
		
			</item>
		<item>
		<title>退休后的默克尔独自一人上街买菜，没有助理没有秘书没有保镖更没有前呼后拥亦没有围观群众</title>
		<link>/archives/1220</link>
					<comments>/archives/1220#respond</comments>
		
		<dc:creator><![CDATA[中国人]]></dc:creator>
		<pubDate>Fri, 19 Apr 2024 10:24:48 +0000</pubDate>
				<category><![CDATA[国外新闻]]></category>
		<guid isPermaLink="false">http://chinaman.cloudns.ch/?p=1220</guid>

					<description><![CDATA[<p>网友评论默克尔是一个普通而伟大的公民。我们一个县长 [&#8230;]</p>
<p><a href="/archives/1220">退休后的默克尔独自一人上街买菜，没有助理没有秘书没有保镖更没有前呼后拥亦没有围观群众</a>最先出现在<a href="/">中国人</a>。</p>
]]></description>
										<content:encoded><![CDATA[
<p>网友评论默克尔是一个普通而伟大的公民。我们一个县长都不是这样的待遇，退休的公务员都比他强，真丢人。不普通时善待普通人，当自己再做回普通人时也放心。</p>



<p>默克尔并不孤单，还有英国的前首相。欧美国家和他们的追随者都是这样。</p>
<p><a href="/archives/1220">退休后的默克尔独自一人上街买菜，没有助理没有秘书没有保镖更没有前呼后拥亦没有围观群众</a>最先出现在<a href="/">中国人</a>。</p>
]]></content:encoded>
					
					<wfw:commentRss>/archives/1220/feed</wfw:commentRss>
			<slash:comments>0</slash:comments>
		
		
			</item>
		<item>
		<title>耶伦老太太要代表全体打工人与万恶的资本家谈判，争取5天8小时工作时间并大幅提高工资待遇</title>
		<link>/archives/1217</link>
					<comments>/archives/1217#respond</comments>
		
		<dc:creator><![CDATA[中国人]]></dc:creator>
		<pubDate>Fri, 19 Apr 2024 10:16:00 +0000</pubDate>
				<category><![CDATA[国外新闻]]></category>
		<guid isPermaLink="false">http://chinaman.cloudns.ch/?p=1217</guid>

					<description><![CDATA[<p>这位耶伦老太太要代表全体打工人与万恶的资本家谈判， [&#8230;]</p>
<p><a href="/archives/1217">耶伦老太太要代表全体打工人与万恶的资本家谈判，争取5天8小时工作时间并大幅提高工资待遇</a>最先出现在<a href="/">中国人</a>。</p>
]]></description>
										<content:encoded><![CDATA[
<p>这位耶伦老太太要代表全体打工人与万恶的资本家谈判，争取5天8小时工作时间并大幅提高工资待遇。如果成功可以名垂青史，全体打工人向耶伦老太太致以崇高的敬意。</p>



<p>首先，万恶的资本家并没有这个权利。万恶的资本家只不过是一头生活条件好的驴。但是驴的命运都一样，一个是用来干活，一个是杀了吃肉。其次，资本家和权利不可能勾结，身份不对等，资本家要叫别人爷。再者，资本家再怎么努力也成为不了别人家族内的成员，除非他本来就是。</p>



<p>其实谈判的目的就是一张纸，和禁止摩托车上路，电瓶车超标，一模一样的纸。这些事情在民主国家可能会很难，但是在一些国家，这些事情简单的就像放个屁一样。</p>



<p>不要嘲笑敢于说话的人，他争取到的光，同样也会照亮你，即便你什么都没有做。双休也是中国加入wto的条件。他需要做的是开放国门，让我们这边想去的人都过去。人类迁徙的地方就是文明的方向，可惜人家不给开放。没想到我整天骂的人竟然替我说话。支持真正关心中国劳工民生的美财老太太。</p>



<p>不懂就问，在美国工厂全都是5天8小时吗？以前年轻的时候去广东打工，外资厂都是挤爆，要靠关系才能进，因为只有他们是最守法的。（欧洲的工作时间更短，工资也更高，因为他们没有军费，也不用操心国际问题。）</p>
<p><a href="/archives/1217">耶伦老太太要代表全体打工人与万恶的资本家谈判，争取5天8小时工作时间并大幅提高工资待遇</a>最先出现在<a href="/">中国人</a>。</p>
]]></content:encoded>
					
					<wfw:commentRss>/archives/1217/feed</wfw:commentRss>
			<slash:comments>0</slash:comments>
		
		
			</item>
		<item>
		<title>联合国正在走向破产，几乎都在拖欠会费，包括中美俄在内，都不例外</title>
		<link>/archives/1214</link>
					<comments>/archives/1214#respond</comments>
		
		<dc:creator><![CDATA[中国人]]></dc:creator>
		<pubDate>Fri, 19 Apr 2024 09:42:29 +0000</pubDate>
				<category><![CDATA[国外新闻]]></category>
		<guid isPermaLink="false">http://chinaman.cloudns.ch/?p=1214</guid>

					<description><![CDATA[<p>联合国正在走向破产，几乎都在拖欠会费，包括中美俄在 [&#8230;]</p>
<p><a href="/archives/1214">联合国正在走向破产，几乎都在拖欠会费，包括中美俄在内，都不例外</a>最先出现在<a href="/">中国人</a>。</p>
]]></description>
										<content:encoded><![CDATA[
<p>联合国正在走向破产，几乎都在拖欠会费，包括中美俄在内，都不例外，你不交，我也不交，很多部门因为缺少经费，已经摇摇欲坠。联合国的影响力正在消退，很多时候，很多国家，很多事情，联合国的声音已经不好用了，而且实际上，在关键事情上几乎得不出一个大家都满意的结论。</p>



<p>联合国的正义感也在消退，不仅说话不好用，其说话的立场也值得质疑，联合国本应该是正义与和平的守护者，但实际上，其在很多事情上的立场正在越来越可疑。</p>



<p>这样的联合国，已经摇摇欲坠。有人说，联合国是二战的产物，当他倒闭时，也代表三战的开始，你认为呢？</p>



<p>首先联合国不是二战的产物，联合国是英美思想的产物。二战之后，世界的思想就是以英美为主。联合国成立的时候，制定了很多制度，这些制度代表了先进文明，人类发展的方向。现在的联合国自己破坏自己制定的制度，所以他就不再被人认可了。</p>



<p>会不会发生三战，肯定不会。如果发生了那是文明的倒退。真正的文明他是不会让以前的错误再次发生。他会提前做好准备。比如暴力推翻政府和四年一次大选，比如美国经济大萧条和美国经济危机，他们的破坏力不可同日而语。所以可以放心睡觉了，不会发生三战。即使有国家想发动三战，可能还没开始就结束了，也可能自己就把自己给弄死了。</p>
<p><a href="/archives/1214">联合国正在走向破产，几乎都在拖欠会费，包括中美俄在内，都不例外</a>最先出现在<a href="/">中国人</a>。</p>
]]></content:encoded>
					
					<wfw:commentRss>/archives/1214/feed</wfw:commentRss>
			<slash:comments>0</slash:comments>
		
		
			</item>
		<item>
		<title>特斯拉或许终将离我们而去，特斯拉将在印度选址，建造价值20亿-30亿美元的电动汽车工厂</title>
		<link>/archives/1211</link>
					<comments>/archives/1211#respond</comments>
		
		<dc:creator><![CDATA[中国人]]></dc:creator>
		<pubDate>Fri, 19 Apr 2024 09:06:49 +0000</pubDate>
				<category><![CDATA[国外新闻]]></category>
		<guid isPermaLink="false">http://chinaman.cloudns.ch/?p=1211</guid>

					<description><![CDATA[<p>特斯拉或许终将离我们而去，特斯拉将在印度选址建造2 [&#8230;]</p>
<p><a href="/archives/1211">特斯拉或许终将离我们而去，特斯拉将在印度选址，建造价值20亿-30亿美元的电动汽车工厂</a>最先出现在<a href="/">中国人</a>。</p>
]]></description>
										<content:encoded><![CDATA[
<p>特斯拉或许终将离我们而去，特斯拉将在印度选址建造20亿到30亿美元的电动汽车工厂。真实令人惋惜，特斯拉或许终将离我们而去，衷心期盼外企能继续咋跟于此，共筑繁荣，同时，我们也热切期待国家能进一步优化营商环境。为各类企业创造更加公平公正的竞争舞台。</p>



<p>中国是全世界企业营商环境最好的，没有之一。水煮青蛙的味道不错。工人待遇也是最好的。营商环境就是人力成本。他们正是因为工人的待遇高而离开中国的。国产资本家是不可能允许特斯拉这种善待打工者的外资企业存在的。很多有钱有势的都润了，不知道他们怎么想不开，去受苦的地方去。</p>



<p>一年倒闭几十万家私企。到底是谁想跟谁脱钩。刚来就走。到底谁会被世界遗弃？如果所选的道路通向贫困，这条是会正确的路吗？</p>
<p><a href="/archives/1211">特斯拉或许终将离我们而去，特斯拉将在印度选址，建造价值20亿-30亿美元的电动汽车工厂</a>最先出现在<a href="/">中国人</a>。</p>
]]></content:encoded>
					
					<wfw:commentRss>/archives/1211/feed</wfw:commentRss>
			<slash:comments>0</slash:comments>
		
		
			</item>
		<item>
		<title>妮科尔·沙纳汉：美国首位华裔副总统参选人</title>
		<link>/archives/85</link>
					<comments>/archives/85#respond</comments>
		
		<dc:creator><![CDATA[中国人]]></dc:creator>
		<pubDate>Wed, 17 Apr 2024 07:40:53 +0000</pubDate>
				<category><![CDATA[国外新闻]]></category>
		<guid isPermaLink="false">https://demo.adorethemes.com/adore-blog-pro/?p=85</guid>

					<description><![CDATA[<p>38岁的沙纳汉是加州一名律师和慈善家。沙纳汉领导着 [&#8230;]</p>
<p><a href="/archives/85">妮科尔·沙纳汉：美国首位华裔副总统参选人</a>最先出现在<a href="/">中国人</a>。</p>
]]></description>
										<content:encoded><![CDATA[<p>38岁的沙纳汉是加州一名律师和慈善家。沙纳汉领导着比亚回响基金会。这是她创办的一个组织，旨在引导资金投入女性生殖科学、刑事司法改革和环保事业等问题。她还是斯坦福大学的研究员，以及一家专利管理公司的创始人兼首席执行官。这家公司于2020年被卖掉。</p>
<p>26日，沙纳汉讲述了她在奥克兰艰难困苦的成长环境。她的母亲是中国移民，父亲是有着爱尔兰和德国血统的美国人，“受药物滥用的困扰”，“保住工作很难”。谈起她的家庭对政府援助的依赖，沙纳汉说，尽管她“在后来的生活中变得非常富有”，但她觉得她能理解“离灾难只差一场不幸”的美国人。</p>
<p>沙纳汉说：“财富的目的是帮助那些需要帮助的人。这就是它的作用。我还想把这带回到政治。”她还谈到关于疫苗不可信的理论。</p>
<p>这位律师谈论她帮助对抗“慢性疾病”的满腔热情，提到她自己对生育的纠结和她5岁的女儿。她说她的女儿患有自闭症。沙纳汉提到“我们环境中的有毒物质”，来自手机等设备的“电磁污染”，以及缺乏关于儿童接种疫苗长期影响的研究——这一点为她赢得当天最多的掌声。</p>
<p>她说：“我们的孩子们状况不好，我们的民众状况不好，如果我们不理会这种要求给予关注的迫切呼吁，我们的国家将会在很长时间里状况不好。”</p>
<p>疫苗与自闭症之间存在关联的说法很早就遭到驳斥，美国和海外的多项科学研究也没有发现疫苗会导致自闭症的证据。</p>
<p>沙纳汉在2018年与谷歌联合创始人谢尔盖·布林结婚，2023年离婚，他们有一个年幼的女儿。</p>
<p>沙纳汉在旧金山湾区长大，小罗伯特·肯尼迪就在那里宣布沙纳汉为自己的竞选搭档。</p>
<p>在宣布这一消息之前，小罗伯特·肯尼迪的竞选经理、也是他的儿媳阿马丽利丝·福克斯·肯尼迪赞扬了沙纳汉为“诚实治理、种族平等、再生农业以及母婴健康”所做的工作。她说，这些工作“反映了我们国家许多最迫切的需求”。</p>
<p><a href="/archives/85">妮科尔·沙纳汉：美国首位华裔副总统参选人</a>最先出现在<a href="/">中国人</a>。</p>
]]></content:encoded>
					
					<wfw:commentRss>/archives/85/feed</wfw:commentRss>
			<slash:comments>0</slash:comments>
		
		
			</item>
		<item>
		<title>星链卫星已接通72个国家，一些国家担心会影响自己的统治，果断将星链拒之门外</title>
		<link>/archives/43</link>
					<comments>/archives/43#respond</comments>
		
		<dc:creator><![CDATA[中国人]]></dc:creator>
		<pubDate>Thu, 07 Mar 2024 07:28:09 +0000</pubDate>
				<category><![CDATA[国外新闻]]></category>
		<guid isPermaLink="false">https://demo.adorethemes.com/adore-blog-pro/?p=43</guid>

					<description><![CDATA[<p>星链，以及以星链为代表的天基互联网，将给这个蓝色星 [&#8230;]</p>
<p><a href="/archives/43">星链卫星已接通72个国家，一些国家担心会影响自己的统治，果断将星链拒之门外</a>最先出现在<a href="/">中国人</a>。</p>
]]></description>
										<content:encoded><![CDATA[<p>星链，以及以星链为代表的天基互联网，将给这个蓝色星球上所生活的人类，带来深刻、久远的影响。</p>
<p>第一次，在理论上，所有人都将享有与世界进行平等的、联通的机会。无论南太平洋上遥远的海岛居民，还是非洲原始森林里的原始部落。无论是米国总统，还是隔壁捏脚店的牛二嫂，只要有阳光照耀的地方，都将有拥有平等的机会，进行一键联通整个世界。地球村居民之间的联系将更加广泛和紧密。与此宏大的愿景相比，乌克兰战场上的那点儿应用，简直就是毛毛雨。</p>
<p>随着信息流，以及信息流所带来的意识流、价值观，生活方式的交流，必将带来极大的碰撞，有些地方的安宁必定将被打破。</p>
<p><a href="/archives/43">星链卫星已接通72个国家，一些国家担心会影响自己的统治，果断将星链拒之门外</a>最先出现在<a href="/">中国人</a>。</p>
]]></content:encoded>
					
					<wfw:commentRss>/archives/43/feed</wfw:commentRss>
			<slash:comments>0</slash:comments>
		
		
			</item>
	</channel>
</rss>
