<?xml version="1.0" encoding="UTF-8"?><rss version="2.0"
	xmlns:content="http://purl.org/rss/1.0/modules/content/"
	xmlns:dc="http://purl.org/dc/elements/1.1/"
	xmlns:atom="http://www.w3.org/2005/Atom"
	xmlns:sy="http://purl.org/rss/1.0/modules/syndication/"
	
	>
<channel>
	<title>
	「报纸越干净，社会越肮脏；电台越和谐，世道越可怕；电视越美好，生活越困难」的评论	</title>
	<atom:link href="/archives/1175/feed" rel="self" type="application/rss+xml" />
	<link>/archives/1175</link>
	<description></description>
	<lastBuildDate>Fri, 19 Apr 2024 02:12:26 +0000</lastBuildDate>
	<sy:updatePeriod>
	hourly	</sy:updatePeriod>
	<sy:updateFrequency>
	1	</sy:updateFrequency>
	<generator>https://wordpress.org/?v=6.5.2</generator>
</channel>
</rss>
