<?xml version="1.0" encoding="UTF-8"?><rss version="2.0"
	xmlns:content="http://purl.org/rss/1.0/modules/content/"
	xmlns:dc="http://purl.org/dc/elements/1.1/"
	xmlns:atom="http://www.w3.org/2005/Atom"
	xmlns:sy="http://purl.org/rss/1.0/modules/syndication/"
	
	>
<channel>
	<title>
	「退休后的默克尔独自一人上街买菜，没有助理没有秘书没有保镖更没有前呼后拥亦没有围观群众」的评论	</title>
	<atom:link href="/archives/1220/feed" rel="self" type="application/rss+xml" />
	<link>/archives/1220</link>
	<description></description>
	<lastBuildDate>Fri, 19 Apr 2024 10:24:51 +0000</lastBuildDate>
	<sy:updatePeriod>
	hourly	</sy:updatePeriod>
	<sy:updateFrequency>
	1	</sy:updateFrequency>
	<generator>https://wordpress.org/?v=6.5.2</generator>
</channel>
</rss>
