<?xml version="1.0" encoding="UTF-8"?><rss version="2.0"
	xmlns:content="http://purl.org/rss/1.0/modules/content/"
	xmlns:dc="http://purl.org/dc/elements/1.1/"
	xmlns:atom="http://www.w3.org/2005/Atom"
	xmlns:sy="http://purl.org/rss/1.0/modules/syndication/"
	
	>
<channel>
	<title>
	「通过重庆燃气事件，我们能学到了什么？免职是不具备惩罚性，免职后可以平调」的评论	</title>
	<atom:link href="/archives/1286/feed" rel="self" type="application/rss+xml" />
	<link>/archives/1286</link>
	<description></description>
	<lastBuildDate>Mon, 22 Apr 2024 04:36:04 +0000</lastBuildDate>
	<sy:updatePeriod>
	hourly	</sy:updatePeriod>
	<sy:updateFrequency>
	1	</sy:updateFrequency>
	<generator>https://wordpress.org/?v=6.5.2</generator>
</channel>
</rss>
