<?xml version="1.0" encoding="UTF-8"?><rss version="2.0"
	xmlns:content="http://purl.org/rss/1.0/modules/content/"
	xmlns:dc="http://purl.org/dc/elements/1.1/"
	xmlns:atom="http://www.w3.org/2005/Atom"
	xmlns:sy="http://purl.org/rss/1.0/modules/syndication/"
	
	>
<channel>
	<title>
	「联合国正在走向破产，几乎都在拖欠会费，包括中美俄在内，都不例外」的评论	</title>
	<atom:link href="/archives/1214/feed" rel="self" type="application/rss+xml" />
	<link>/archives/1214</link>
	<description></description>
	<lastBuildDate>Fri, 19 Apr 2024 09:42:32 +0000</lastBuildDate>
	<sy:updatePeriod>
	hourly	</sy:updatePeriod>
	<sy:updateFrequency>
	1	</sy:updateFrequency>
	<generator>https://wordpress.org/?v=6.5.2</generator>
</channel>
</rss>
