<?xml version="1.0" encoding="UTF-8"?><rss version="2.0"
	xmlns:content="http://purl.org/rss/1.0/modules/content/"
	xmlns:wfw="http://wellformedweb.org/CommentAPI/"
	xmlns:dc="http://purl.org/dc/elements/1.1/"
	xmlns:atom="http://www.w3.org/2005/Atom"
	xmlns:sy="http://purl.org/rss/1.0/modules/syndication/"
	xmlns:slash="http://purl.org/rss/1.0/modules/slash/"
	>

<channel>
	<title>境外风情归档 - 中国人</title>
	<atom:link href="/archives/category/travel/feed" rel="self" type="application/rss+xml" />
	<link>/archives/category/travel</link>
	<description></description>
	<lastBuildDate>Fri, 19 Apr 2024 04:17:17 +0000</lastBuildDate>
	<language>zh-CN</language>
	<sy:updatePeriod>
	hourly	</sy:updatePeriod>
	<sy:updateFrequency>
	1	</sy:updateFrequency>
	<generator>https://wordpress.org/?v=6.5.2</generator>

<image>
	<url>/wp-content/uploads/2024/04/cropped-0-1-32x32.jpg</url>
	<title>境外风情归档 - 中国人</title>
	<link>/archives/category/travel</link>
	<width>32</width>
	<height>32</height>
</image> 
	<item>
		<title>越南工会强烈表示，为了越南人民身心健康，所有外企工厂上班时间不得超过7小时</title>
		<link>/archives/1194</link>
					<comments>/archives/1194#respond</comments>
		
		<dc:creator><![CDATA[中国人]]></dc:creator>
		<pubDate>Fri, 19 Apr 2024 04:17:14 +0000</pubDate>
				<category><![CDATA[境外风情]]></category>
		<guid isPermaLink="false">http://chinaman.cloudns.ch/?p=1194</guid>

					<description><![CDATA[<p>越南站起来了，越南正走向文明。越南人民有个好领导。 [&#8230;]</p>
<p><a href="/archives/1194">越南工会强烈表示，为了越南人民身心健康，所有外企工厂上班时间不得超过7小时</a>最先出现在<a href="/">中国人</a>。</p>
]]></description>
										<content:encoded><![CDATA[
<p>越南站起来了，越南正走向文明。越南人民有个好领导。人家是真有工会。三公消费9000亿，全民医疗只需1600亿。越南有希望成为新加坡之后的新的发达国家。那些个让我们讲情怀、讲奉献的人却在每天看报喝茶贪污。只要你愿意吃苦，你就有吃不完的苦。搞了半天，别的国家上班时间真短。在靠近边境的糖厂上班，时间确实不到7小时。</p>
<p><a href="/archives/1194">越南工会强烈表示，为了越南人民身心健康，所有外企工厂上班时间不得超过7小时</a>最先出现在<a href="/">中国人</a>。</p>
]]></content:encoded>
					
					<wfw:commentRss>/archives/1194/feed</wfw:commentRss>
			<slash:comments>0</slash:comments>
		
		
			</item>
		<item>
		<title>白岩松的儿子被英国伦敦国王学校录取了，学的是蒙古历史专业</title>
		<link>/archives/1182</link>
					<comments>/archives/1182#respond</comments>
		
		<dc:creator><![CDATA[中国人]]></dc:creator>
		<pubDate>Fri, 19 Apr 2024 03:00:05 +0000</pubDate>
				<category><![CDATA[境外风情]]></category>
		<guid isPermaLink="false">http://chinaman.cloudns.ch/?p=1182</guid>

					<description><![CDATA[<p>白岩松的儿子被英国伦敦国王学院录取了。学的专业竟然 [&#8230;]</p>
<p><a href="/archives/1182">白岩松的儿子被英国伦敦国王学校录取了，学的是蒙古历史专业</a>最先出现在<a href="/">中国人</a>。</p>
]]></description>
										<content:encoded><![CDATA[
<p>白岩松的儿子被英国伦敦国王学院录取了。学的专业竟然是蒙古历史。你学蒙古历史为什么去英国留学呢？去蒙古学习不是更好吗？有网友说：很有可能只有这个专业才会被录取吧。</p>



<p>其实他挺爱国的，毕竟这是他的工作。</p>



<p>去蒙古学习航海专业。记得钱钟书的《围城》里，主人公学的是什么专业。其实就是富家子弟游手好闲。但愿他父亲的钱是干净的。</p>



<p>蒙古历史还不稀奇，去国外学校学中文的中国留学生大有人在。</p>



<p>将来这些人都会进到体制内的，没有文凭的话还是不方便的。</p>



<p>读书留学，国外的来中国留学很多很多，中国去国外留学也多属正当范围，主要是学成之后为谁服务。（千万别回来，你爱为谁服务为谁服务）</p>
<p><a href="/archives/1182">白岩松的儿子被英国伦敦国王学校录取了，学的是蒙古历史专业</a>最先出现在<a href="/">中国人</a>。</p>
]]></content:encoded>
					
					<wfw:commentRss>/archives/1182/feed</wfw:commentRss>
			<slash:comments>0</slash:comments>
		
		
			</item>
		<item>
		<title>日本街头一位老人意外摔倒，路过的行人毫不犹豫的将其扶起</title>
		<link>/archives/57</link>
					<comments>/archives/57#respond</comments>
		
		<dc:creator><![CDATA[中国人]]></dc:creator>
		<pubDate>Tue, 09 Apr 2024 07:32:29 +0000</pubDate>
				<category><![CDATA[境外风情]]></category>
		<guid isPermaLink="false">https://demo.adorethemes.com/adore-blog-pro/?p=57</guid>

					<description><![CDATA[<p>日本街头一位老人意外摔倒，路过的行人毫不犹豫，纷纷 [&#8230;]</p>
<p><a href="/archives/57">日本街头一位老人意外摔倒，路过的行人毫不犹豫的将其扶起</a>最先出现在<a href="/">中国人</a>。</p>
]]></description>
										<content:encoded><![CDATA[<p>日本街头一位老人意外摔倒，路过的行人毫不犹豫，纷纷伸出援手将其扶起，在这个过程中，没有人担心会被“讹诈”，为何他们在施以援手时能毫不顾忌，朋友们你们怎么看？</p>
<p>法官是公正的，源头是有文明的制度，司法公正，耍特权风险大，上不正下就歪。</p>
<p>不是你撞的，你为什么要扶呢。</p>
<p>你得感谢南京法官。</p>
<p>还有医保，这里老人怕让子女负担不起，你觉得有没有这方面的关系。</p>
<p>我内心善良，但是第一我扶不起，第二一旦陷入官司我工作耽误不起，我真的没有办法。（这是最真诚的解释）</p>
<p>如果人人有医保，就算被讹了，医药费也没有多少钱。（一个医药费，一个司法成本，这才是关键）</p>
<p><a href="/archives/57">日本街头一位老人意外摔倒，路过的行人毫不犹豫的将其扶起</a>最先出现在<a href="/">中国人</a>。</p>
]]></content:encoded>
					
					<wfw:commentRss>/archives/57/feed</wfw:commentRss>
			<slash:comments>0</slash:comments>
		
		
			</item>
		<item>
		<title>在美国奋斗十年，花51万美元在美国德州买新房，第一次参观很兴奋</title>
		<link>/archives/58</link>
					<comments>/archives/58#respond</comments>
		
		<dc:creator><![CDATA[中国人]]></dc:creator>
		<pubDate>Sun, 07 Apr 2024 07:32:33 +0000</pubDate>
				<category><![CDATA[境外风情]]></category>
		<guid isPermaLink="false">https://demo.adorethemes.com/adore-blog-pro/?p=58</guid>

					<description><![CDATA[<p>今天我们终于拿到新家的钥匙了，总价花了51万美元， [&#8230;]</p>
<p><a href="/archives/58">在美国奋斗十年，花51万美元在美国德州买新房，第一次参观很兴奋</a>最先出现在<a href="/">中国人</a>。</p>
]]></description>
										<content:encoded><![CDATA[<p>今天我们终于拿到新家的钥匙了，总价花了51万美元，房子总共大概有240多平米，有四个卧室，三个洗手间，三个半洗手间，还有两个客厅。有一个办公室，办公室不算房间，可以当小孩写作业和平时工作的地方。没有浴室的洗手间只能算半个洗手间。房子带一个后院，车库是两车库。小区是新建的小区，外面有很多房子正在建设。美国房子都是木制的结构，里面的结构它都是有中央空调的，里面的机器在上面的阁楼里。这个就花了51万买的房子，包括装修也包括前后院，换成人民币大概350万。</p>
<p>很多人去美国的原因，可以通过自己的努力，买到永久产权的房子，而且还是个别墅。</p>
<p>350万真便宜，在上海只能买到外环外的小房子。</p>
<p>需要年年叫房产税，一般买得起就交的起，除非二个人都没有工作，一般一个人工作就可以养家的。</p>
<p>美国的房产税一般在1%-3%之间，51万美元的房子要交大概1万美元。美国别墅一般没有物业税，房产税会随着房子的折旧逐年降低。还有降低房产税的措施：</p>
<p>比如对于净资产不超过34万美元且年收入低于$56000的65岁以上老人，房产税可以全部减免；对于收入在 $56201~$64630之间的老人，可以减免75%；对于收入在$64631~$73060之间的老人可以减免50%；收入在 $73060~$81490的65岁以上老人可以减免25%。特殊人群房产税减免政策残障人士、现役或退伍军人以及其他类别需要照顾的家庭。</p>
<p>房子的240平米是不含公摊面的，也不包括后院前院。</p>
<p><a href="/archives/58">在美国奋斗十年，花51万美元在美国德州买新房，第一次参观很兴奋</a>最先出现在<a href="/">中国人</a>。</p>
]]></content:encoded>
					
					<wfw:commentRss>/archives/58/feed</wfw:commentRss>
			<slash:comments>0</slash:comments>
		
		
			</item>
		<item>
		<title>在日本的工厂竟然写着这样的标语，没有一句关于质量和纪律的标语</title>
		<link>/archives/55</link>
					<comments>/archives/55#respond</comments>
		
		<dc:creator><![CDATA[中国人]]></dc:creator>
		<pubDate>Sun, 07 Apr 2024 07:32:24 +0000</pubDate>
				<category><![CDATA[境外风情]]></category>
		<guid isPermaLink="false">https://demo.adorethemes.com/adore-blog-pro/?p=55</guid>

					<description><![CDATA[<p>在日本的工厂竟然写着这样的标语，没有一句关于质量和 [&#8230;]</p>
<p><a href="/archives/55">在日本的工厂竟然写着这样的标语，没有一句关于质量和纪律的标语</a>最先出现在<a href="/">中国人</a>。</p>
]]></description>
										<content:encoded><![CDATA[<p>在日本的工厂竟然写着这样的标语，没有一句关于质量和纪律的标语。事故的可能来自粗心大意。稍微花点心思就会进行安全作业。安全由每一个人负责。别受伤，父母在家等待，妻儿在家等待。“算了吧”的天真心态会酿成事故。扩展视野，预知危险，安全职场。事故源于粗心大意。用眼睛确认，用声音确认，安全意识零灾害。当心习惯的工作易受伤。</p>
<p>我见过的标语：产品即人品；效率第一，质量第二；一切为质量，质量为一切。</p>
<p>我说个有年代感的：厂兴我荣，厂衰我耻。</p>
<p>今天工作不努力，明天努力找工作。</p>
<p>鲁南精神，不怕困难，挑战困难，战胜困难。</p>
<p><a href="/archives/55">在日本的工厂竟然写着这样的标语，没有一句关于质量和纪律的标语</a>最先出现在<a href="/">中国人</a>。</p>
]]></content:encoded>
					
					<wfw:commentRss>/archives/55/feed</wfw:commentRss>
			<slash:comments>0</slash:comments>
		
		
			</item>
		<item>
		<title>真实的台湾，老百姓真实的生活是这样的，每天骑着电瓶车摩托车上班</title>
		<link>/archives/30</link>
					<comments>/archives/30#respond</comments>
		
		<dc:creator><![CDATA[中国人]]></dc:creator>
		<pubDate>Sun, 07 Apr 2024 07:22:06 +0000</pubDate>
				<category><![CDATA[境外风情]]></category>
		<guid isPermaLink="false">https://demo.adorethemes.com/adore-blog-pro/?p=30</guid>

					<description><![CDATA[<p>电瓶车，摩托车应该成为城市的主要交通工具，因为城市 [&#8230;]</p>
<p><a href="/archives/30">真实的台湾，老百姓真实的生活是这样的，每天骑着电瓶车摩托车上班</a>最先出现在<a href="/">中国人</a>。</p>
]]></description>
										<content:encoded><![CDATA[<p>电瓶车，摩托车应该成为城市的主要交通工具，因为城市容纳不了那么多汽车。台湾 这里没有城管交警没收电动车。人家提倡电动车，不建议开车，车多了才会拥挤。-</p>
<p>假如没有禁止摩托车，电动车也不会发展起来，摩托车的寿命长，里程长，不用每年换电池。</p>
<p>台湾是人民有选择权，制定的制度不会让所有人都违章。</p>
<p>电动车确实好，可以向台湾学习，不要限制，还可以多划些车道给电动车，车多了都会自觉戴安全帽，不要象现在这样。</p>
<p>台湾同胞确实很幸福。宝岛台湾太好了，马上归大陆管了。人家的房贷利率让人羡慕。</p>
<p>说实话，开车上班的也是一个人，骑电动车摩托车也是一个人，你想想一个汽车得占多少地方，占多大空间，摩托车电动车多省地方。</p>
<p>摩托车占空地比例小，节能减排，机动方便，老百姓喜欢。</p>
<p><a href="/archives/30">真实的台湾，老百姓真实的生活是这样的，每天骑着电瓶车摩托车上班</a>最先出现在<a href="/">中国人</a>。</p>
]]></content:encoded>
					
					<wfw:commentRss>/archives/30/feed</wfw:commentRss>
			<slash:comments>0</slash:comments>
		
		
			</item>
		<item>
		<title>澳大利亚跑外卖真的一个月收入四五万？来听听半夏外卖小哥的准确回答</title>
		<link>/archives/596</link>
					<comments>/archives/596#respond</comments>
		
		<dc:creator><![CDATA[中国人]]></dc:creator>
		<pubDate>Sat, 06 Apr 2024 06:41:47 +0000</pubDate>
				<category><![CDATA[境外风情]]></category>
		<guid isPermaLink="false">https://demo.adorethemes.com/adore-blog-pro/?p=6</guid>

					<description><![CDATA[<p>一天能跑多少钱？这是半夏外卖小哥。有两个外卖平台在 [&#8230;]</p>
<p><a href="/archives/596">澳大利亚跑外卖真的一个月收入四五万？来听听半夏外卖小哥的准确回答</a>最先出现在<a href="/">中国人</a>。</p>
]]></description>
										<content:encoded><![CDATA[<p>一天能跑多少钱？这是半夏外卖小哥。有两个外卖平台在澳洲，我跑的另外一个外卖平台，他跑的是饭团。他现在接了6个订单，取了4个订单。这一趟就是四五十吧。一趟四五十，但送要送一个小时左右，一个小时出头。需要导航，导航肯定要的。一天能跑多少，看个人的能力，如果是新手，一个小时两单都送不完。如果你在国内一个月跑一万左右，在澳洲一天轻松三四百没问题。熟手和新手差别很大。半夏算中等水平，看一下后台，好好跑一天三百刀没有问题。</p>
<p>像是做广告的。</p>
<p>一天300就等于人民币2000左右。</p>
<p>澳洲大白菜10澳元一颗，自己做饭有冰箱的话，一个星期也就一百多块钱左右。</p>
<p>去年上海说3年跑102，今年一个月都没有6000的。</p>
<p><a href="/archives/596">澳大利亚跑外卖真的一个月收入四五万？来听听半夏外卖小哥的准确回答</a>最先出现在<a href="/">中国人</a>。</p>
]]></content:encoded>
					
					<wfw:commentRss>/archives/596/feed</wfw:commentRss>
			<slash:comments>0</slash:comments>
		
		
			</item>
		<item>
		<title>意大利小伙看病仅花24元，感慨“中国医院真好”</title>
		<link>/archives/31</link>
					<comments>/archives/31#respond</comments>
		
		<dc:creator><![CDATA[中国人]]></dc:creator>
		<pubDate>Fri, 05 Apr 2024 07:22:03 +0000</pubDate>
				<category><![CDATA[境外风情]]></category>
		<guid isPermaLink="false">https://demo.adorethemes.com/adore-blog-pro/?p=31</guid>

					<description><![CDATA[<p>一个叫安德烈的意大利小伙，在海南发现自己眼睛下面长 [&#8230;]</p>
<p><a href="/archives/31">意大利小伙看病仅花24元，感慨“中国医院真好”</a>最先出现在<a href="/">中国人</a>。</p>
]]></description>
										<content:encoded><![CDATA[<p>一个叫安德烈的意大利小伙，在海南发现自己眼睛下面长了麦粒肿，来到医院，在工作人员的热情的指导下挂了号，才等了半个小时就轮到他了，走出医院的安德烈热泪盈眶，他分享了自己在海南看病的经历，他说，中国医生的专业素养和高效服务让他倍感温暖，医生们细致入微的诊疗，让他感受到了前所未有的关怀，而且总共才花了24快钱，在意大利最少需要300欧元，中国看病好便宜，中国医院真的好。</p>
<p>我儿子做的麦粒肿花了400多，他花了24快，他是怎么做到的。挂号50块，他怎么花24的？这是挂普通号的价格，专家100～300，特需300以上。</p>
<p>你这纯粹科幻片，98年我得了麦粒肿在广州空军医院割了一下150元。还好那时没有合作医疗，不然最少加个零。</p>
<p>得个阑尾炎，看完病出来也是热泪盈眶，报销后花了一万多。我妈住院两次，自费部分差不多百分之十，一万多自费一千多，还是外地医保，本地的优惠更多。</p>
<p>我在杭州，我妈上个月在浙一阑尾炎手术的，我们是在国际部单人间住了五5天，花了九千多，如果住普通病房应该四千多。普通病房我看了也特别高级，两人间。如果是年轻人三天出院估计就两三千。东北好像是挺贵，我亲戚在哈尔滨前年阑尾炎手术花了两万多，报销完还自费一万多。</p>
<p><a href="/archives/31">意大利小伙看病仅花24元，感慨“中国医院真好”</a>最先出现在<a href="/">中国人</a>。</p>
]]></content:encoded>
					
					<wfw:commentRss>/archives/31/feed</wfw:commentRss>
			<slash:comments>0</slash:comments>
		
		
			</item>
	</channel>
</rss>
