<?xml version="1.0" encoding="UTF-8"?><rss version="2.0"
	xmlns:content="http://purl.org/rss/1.0/modules/content/"
	xmlns:dc="http://purl.org/dc/elements/1.1/"
	xmlns:atom="http://www.w3.org/2005/Atom"
	xmlns:sy="http://purl.org/rss/1.0/modules/syndication/"
	
	>
<channel>
	<title>
	「美国是怎么驯服军队的，为什么美国从来就没有出现过军事政变？」的评论	</title>
	<atom:link href="/archives/1306/feed" rel="self" type="application/rss+xml" />
	<link>/archives/1306</link>
	<description></description>
	<lastBuildDate>Tue, 23 Apr 2024 03:28:28 +0000</lastBuildDate>
	<sy:updatePeriod>
	hourly	</sy:updatePeriod>
	<sy:updateFrequency>
	1	</sy:updateFrequency>
	<generator>https://wordpress.org/?v=6.5.2</generator>
</channel>
</rss>
