<?xml version="1.0" encoding="UTF-8"?><rss version="2.0"
	xmlns:content="http://purl.org/rss/1.0/modules/content/"
	xmlns:dc="http://purl.org/dc/elements/1.1/"
	xmlns:atom="http://www.w3.org/2005/Atom"
	xmlns:sy="http://purl.org/rss/1.0/modules/syndication/"
	
	>
<channel>
	<title>
	「中国人」的评论	</title>
	<atom:link href="/comments/feed" rel="self" type="application/rss+xml" />
	<link>/</link>
	<description></description>
	<lastBuildDate>Thu, 18 Apr 2024 09:23:23 +0000</lastBuildDate>
	<sy:updatePeriod>
	hourly	</sy:updatePeriod>
	<sy:updateFrequency>
	1	</sy:updateFrequency>
	<generator>https://wordpress.org/?v=6.5.2</generator>
	<item>
		<title>
		今天 对《 到处是交警，出门记着戴头盔，只要上了牌，保险年审，就来了 》的评论		</title>
		<link>/archives/1048#comment-2</link>

		<dc:creator><![CDATA[今天]]></dc:creator>
		<pubDate>Tue, 09 Apr 2024 18:09:56 +0000</pubDate>
		<guid isPermaLink="false">https://demo.adorethemes.com/adore-blog-pro/?p=9#comment-2</guid>

					<description><![CDATA[数字行业正在蓬勃发展，这已经不是什么秘密了。从激动人心的初创公司到全球品牌，公司正在与数字机构联系，以应对可用的新可能性。]]></description>
			<content:encoded><![CDATA[<p>数字行业正在蓬勃发展，这已经不是什么秘密了。从激动人心的初创公司到全球品牌，公司正在与数字机构联系，以应对可用的新可能性。</p>
]]></content:encoded>
		
			</item>
	</channel>
</rss>
