<?xml version="1.0" encoding="UTF-8"?><rss version="2.0"
	xmlns:content="http://purl.org/rss/1.0/modules/content/"
	xmlns:dc="http://purl.org/dc/elements/1.1/"
	xmlns:atom="http://www.w3.org/2005/Atom"
	xmlns:sy="http://purl.org/rss/1.0/modules/syndication/"
	
	>
<channel>
	<title>
	「因”莫名其妙“地身揣了逃犯的身份证，安徽省利辛县智障男子被判参与抢劫案坐牢9年，出狱后不久去世」的评论	</title>
	<atom:link href="/archives/1261/feed" rel="self" type="application/rss+xml" />
	<link>/archives/1261</link>
	<description></description>
	<lastBuildDate>Sun, 21 Apr 2024 09:09:16 +0000</lastBuildDate>
	<sy:updatePeriod>
	hourly	</sy:updatePeriod>
	<sy:updateFrequency>
	1	</sy:updateFrequency>
	<generator>https://wordpress.org/?v=6.5.2</generator>
</channel>
</rss>
