<?xml version="1.0" encoding="UTF-8"?><rss version="2.0"
	xmlns:content="http://purl.org/rss/1.0/modules/content/"
	xmlns:dc="http://purl.org/dc/elements/1.1/"
	xmlns:atom="http://www.w3.org/2005/Atom"
	xmlns:sy="http://purl.org/rss/1.0/modules/syndication/"
	
	>
<channel>
	<title>
	「阿根廷总统米莱惊人言论，当你花别人的钱为别人时，它永远不会有效率」的评论	</title>
	<atom:link href="/archives/1205/feed" rel="self" type="application/rss+xml" />
	<link>/archives/1205</link>
	<description></description>
	<lastBuildDate>Fri, 19 Apr 2024 08:15:49 +0000</lastBuildDate>
	<sy:updatePeriod>
	hourly	</sy:updatePeriod>
	<sy:updateFrequency>
	1	</sy:updateFrequency>
	<generator>https://wordpress.org/?v=6.5.2</generator>
</channel>
</rss>
