<?xml version="1.0" encoding="UTF-8"?><rss version="2.0"
	xmlns:content="http://purl.org/rss/1.0/modules/content/"
	xmlns:dc="http://purl.org/dc/elements/1.1/"
	xmlns:atom="http://www.w3.org/2005/Atom"
	xmlns:sy="http://purl.org/rss/1.0/modules/syndication/"
	
	>
<channel>
	<title>
	「越南工会强烈表示，为了越南人民身心健康，所有外企工厂上班时间不得超过7小时」的评论	</title>
	<atom:link href="/archives/1194/feed" rel="self" type="application/rss+xml" />
	<link>/archives/1194</link>
	<description></description>
	<lastBuildDate>Fri, 19 Apr 2024 04:17:17 +0000</lastBuildDate>
	<sy:updatePeriod>
	hourly	</sy:updatePeriod>
	<sy:updateFrequency>
	1	</sy:updateFrequency>
	<generator>https://wordpress.org/?v=6.5.2</generator>
</channel>
</rss>
