<?xml version="1.0" encoding="UTF-8"?><rss version="2.0"
	xmlns:content="http://purl.org/rss/1.0/modules/content/"
	xmlns:wfw="http://wellformedweb.org/CommentAPI/"
	xmlns:dc="http://purl.org/dc/elements/1.1/"
	xmlns:atom="http://www.w3.org/2005/Atom"
	xmlns:sy="http://purl.org/rss/1.0/modules/syndication/"
	xmlns:slash="http://purl.org/rss/1.0/modules/slash/"
	>

<channel>
	<title>民生福祉归档 - 中国人</title>
	<atom:link href="/archives/category/business/feed" rel="self" type="application/rss+xml" />
	<link>/archives/category/business</link>
	<description></description>
	<lastBuildDate>Tue, 23 Apr 2024 04:42:35 +0000</lastBuildDate>
	<language>zh-CN</language>
	<sy:updatePeriod>
	hourly	</sy:updatePeriod>
	<sy:updateFrequency>
	1	</sy:updateFrequency>
	<generator>https://wordpress.org/?v=6.5.2</generator>

<image>
	<url>/wp-content/uploads/2024/04/cropped-0-1-32x32.jpg</url>
	<title>民生福祉归档 - 中国人</title>
	<link>/archives/category/business</link>
	<width>32</width>
	<height>32</height>
</image> 
	<item>
		<title>快来看看你们平时喝的啤酒是不是工业啤酒？哈尔滨啤酒不推荐，百威啤酒不推荐</title>
		<link>/archives/1324</link>
					<comments>/archives/1324#respond</comments>
		
		<dc:creator><![CDATA[中国人]]></dc:creator>
		<pubDate>Tue, 23 Apr 2024 04:42:31 +0000</pubDate>
				<category><![CDATA[民生福祉]]></category>
		<guid isPermaLink="false">http://chinaman.cloudns.ch/?p=1324</guid>

					<description><![CDATA[<p>快来看看，你们平时喝的啤酒是不是工业啤酒？哈尔滨啤 [&#8230;]</p>
<p><a href="/archives/1324">快来看看你们平时喝的啤酒是不是工业啤酒？哈尔滨啤酒不推荐，百威啤酒不推荐</a>最先出现在<a href="/">中国人</a>。</p>
]]></description>
										<content:encoded><![CDATA[
<p>快来看看，你们平时喝的啤酒是不是工业啤酒？哈尔滨啤酒不推荐，为了降低成本用的都是糖浆酒花浸膏这类的科技产物，喝多了第二天容易头痛；青岛啤酒不推荐，麦汁儿浓度低口感淡，妥妥的工业啤酒；百威啤酒不推荐，为了降低成本，添加的大米麦芽都不到10，口味淡性价比不高；乌苏不推荐，被收购以后变成了工业啤酒，后劲大妥妥的利尿神器；雪花勇闯天涯不推荐，原料一般成本比较低，酿造的时间短，口感淡，喝起来就像水一样；珠江0度不推荐，里面添加了酒用糖浆、玉米淀粉、大米、酒花浸膏，一家人整整齐齐的都在这里了；崂山不推荐，添加了大米和酒花浸膏，原料差口感淡。</p>



<p>青岛白啤可以喝，福佳白可以喝，喜力可以喝，粉象可以喝，海底捞可以喝。</p>
<p><a href="/archives/1324">快来看看你们平时喝的啤酒是不是工业啤酒？哈尔滨啤酒不推荐，百威啤酒不推荐</a>最先出现在<a href="/">中国人</a>。</p>
]]></content:encoded>
					
					<wfw:commentRss>/archives/1324/feed</wfw:commentRss>
			<slash:comments>0</slash:comments>
		
		
			</item>
		<item>
		<title>丰城市人民医院透析室尿毒症患者人山人海</title>
		<link>/archives/1270</link>
					<comments>/archives/1270#respond</comments>
		
		<dc:creator><![CDATA[中国人]]></dc:creator>
		<pubDate>Sun, 21 Apr 2024 09:44:24 +0000</pubDate>
				<category><![CDATA[民生福祉]]></category>
		<guid isPermaLink="false">http://chinaman.cloudns.ch/?p=1270</guid>

					<description><![CDATA[<p>请大家远离垃圾食品，不要熬夜，不要暴饮暴食，不要憋 [&#8230;]</p>
<p><a href="/archives/1270">丰城市人民医院透析室尿毒症患者人山人海</a>最先出现在<a href="/">中国人</a>。</p>
]]></description>
										<content:encoded><![CDATA[
<p>请大家远离垃圾食品，不要熬夜，不要暴饮暴食，不要憋尿，失去健康就是失去一切。</p>
<p><a href="/archives/1270">丰城市人民医院透析室尿毒症患者人山人海</a>最先出现在<a href="/">中国人</a>。</p>
]]></content:encoded>
					
					<wfw:commentRss>/archives/1270/feed</wfw:commentRss>
			<slash:comments>0</slash:comments>
		
		
			</item>
		<item>
		<title>央视都开始呼吁献血了，为什么现在很多人都不愿意献血？</title>
		<link>/archives/1243</link>
					<comments>/archives/1243#respond</comments>
		
		<dc:creator><![CDATA[中国人]]></dc:creator>
		<pubDate>Sun, 21 Apr 2024 07:41:03 +0000</pubDate>
				<category><![CDATA[民生福祉]]></category>
		<guid isPermaLink="false">http://chinaman.cloudns.ch/?p=1243</guid>

					<description><![CDATA[<p>家人们都看到了吧，央视都现在开始呼吁献血了，可见血 [&#8230;]</p>
<p><a href="/archives/1243">央视都开始呼吁献血了，为什么现在很多人都不愿意献血？</a>最先出现在<a href="/">中国人</a>。</p>
]]></description>
										<content:encoded><![CDATA[
<p>家人们都看到了吧，央视都现在开始呼吁献血了，可见血库告急的严重性。首先我要说的是，不是咱老百姓不积极献血，而是现在的状况让老百姓有点心凉了，请永远记住，中国的老百姓是非常善良的，非常爱国的，请首先对老百姓好点。如果真的能做到，把老百姓当成家里人，你做的事，让老百姓热泪盈眶了，认可了，你别说献血，就是命，老百姓也能给。因为我们天生善良。万众一心的爱国。</p>



<p>我弟弟献血好多次，我妈妈生病住院需要输血，人家说我弟弟的献血证没用，你说，谁还献血干嘛。我以前每年都献血，但是自己用血的时候很困难。不要献血了，献血是对自己不负责任，现在时代变了，医院的心已经完全黑的了，献血不是做了好事了，是做坏事。</p>



<p>以前做个血常规一滴血，现在一罐血，咋要这么多。不要献血，献过之后真的很不好，我就献过一次，现在身体很差，原来的小毛病献过后会加重。</p>



<p>我爸原来经常献血，但后来他脑干出血病情非常严重急需输血，医院说献血证没用，后来我爸几个朋友去献血才让输血，自己献血需要用血的时候都用不了，更别说家里人了，笑话。</p>
<p><a href="/archives/1243">央视都开始呼吁献血了，为什么现在很多人都不愿意献血？</a>最先出现在<a href="/">中国人</a>。</p>
]]></content:encoded>
					
					<wfw:commentRss>/archives/1243/feed</wfw:commentRss>
			<slash:comments>0</slash:comments>
		
		
			</item>
		<item>
		<title>轰动全网的黎族婚礼，凉山婚礼，这家还算是比较好的，这样的情况很正常</title>
		<link>/archives/1236</link>
					<comments>/archives/1236#respond</comments>
		
		<dc:creator><![CDATA[中国人]]></dc:creator>
		<pubDate>Sun, 21 Apr 2024 04:45:06 +0000</pubDate>
				<category><![CDATA[民生福祉]]></category>
		<guid isPermaLink="false">http://chinaman.cloudns.ch/?p=1236</guid>

					<description><![CDATA[<p>有跟没有的区别，就是幸福和攀比，在我们现实的生活中 [&#8230;]</p>
<p><a href="/archives/1236">轰动全网的黎族婚礼，凉山婚礼，这家还算是比较好的，这样的情况很正常</a>最先出现在<a href="/">中国人</a>。</p>
]]></description>
										<content:encoded><![CDATA[
<p>有跟没有的区别，就是幸福和攀比，在我们现实的生活中，要做几十倍的光棍。最近有一个叫陈建的小伙子，他去四川这个大凉山然后旅游，结果他无意中拍到了大凉山那个农村的一户人家正在举行婚礼。他拍摄的婚礼片段发布到网络上面，结果一下子就捅了天了，因为这个结婚的这一户人家，特别的贫穷，他无意中把这个画面发到网络上面，结果打了当地某些人的脸，因为他们天天喊着脱贫了脱贫了。结果这一看比非洲还穷。所以这个拍视频的小伙子，陈建就摊上大事了，接连被他们当地的打来各种电话骚扰，然后叫过去录笔供，写保证书。</p>



<p>这个事情曝光后，在网上引起了巨大的争议。有的人说，当地这种做法就是掩耳盗铃，你自己的工作没有做好，你还不让别人说，别人没有造谣，也没有故意的抹黑你。真实的记录了一场婚礼。结果就摊上大事。所以网友很愤怒，说当地的有关部门应该向全社会做出公开道歉。</p>
<p><a href="/archives/1236">轰动全网的黎族婚礼，凉山婚礼，这家还算是比较好的，这样的情况很正常</a>最先出现在<a href="/">中国人</a>。</p>
]]></content:encoded>
					
					<wfw:commentRss>/archives/1236/feed</wfw:commentRss>
			<slash:comments>0</slash:comments>
		
		
			</item>
		<item>
		<title>立讯精密是唯一一个让我有阴影的厂，全都是离职的，跑路了，大巴车来拉了</title>
		<link>/archives/1233</link>
					<comments>/archives/1233#respond</comments>
		
		<dc:creator><![CDATA[中国人]]></dc:creator>
		<pubDate>Sun, 21 Apr 2024 04:27:25 +0000</pubDate>
				<category><![CDATA[民生福祉]]></category>
		<guid isPermaLink="false">http://chinaman.cloudns.ch/?p=1233</guid>

					<description><![CDATA[<p>哪有什么好厂高工资，都是坑死一个算一个。立讯精密是 [&#8230;]</p>
<p><a href="/archives/1233">立讯精密是唯一一个让我有阴影的厂，全都是离职的，跑路了，大巴车来拉了</a>最先出现在<a href="/">中国人</a>。</p>
]]></description>
										<content:encoded><![CDATA[
<p>哪有什么好厂高工资，都是坑死一个算一个。立讯精密是唯一一个让我有阴影的厂。我也是，立讯太恐怖了飞机拉流水线，比亚迪我都熬下来了，就没有熬得住立讯。</p>



<p>来宁德时代吧，我也听说宁德时代好，我小叔子在那里，我觉得挺好的，福利待遇什么的。</p>



<p>现在已经出阴影了，一个月没有休息一天，请假还扣钱。一个月没有休息不说，请了三天听说还被扣五百块钱左右。节假日说是工资三倍，一到节假日就是转班休息，平常一个月除了转班能休息一天，其他时候没有休息过。</p>



<p>到哪里分完宿舍，我进去一看宿舍就跑路了，宿舍房顶都是发霉的。我去年老惨了，我现在对江苏都有心理阴影了。我有个朋友在那边上了27天班。1毛钱没拿到，到现在钱都还没有拿到。</p>



<p>立讯精密连续两个月安排夜班，我也是跑路了。天天8点到8点，一个月下来4千快，产量从我去4千，这才一个月，月底前涨到6千产量。钱没涨，产量见涨。</p>



<p>25了，躺了5个月了。村里人背后嚼舌根，没结婚，有个车，就想躺平。</p>



<p>现在很多厂都想白漂大学生，用三个月不给工资然后说不合适本厂工作，自行离开，然后再招新的再三个月，以此类推一分工资不用给，一年到头。</p>



<p>进厂干了两个小时就跑路了，我说我去上厕所就直接走了。我今天上了四个小时混了顿饭就跑路了，本来一个小时的时候就想跑路了，不好意思说，硬是撑了四个小时到吃饭的时候偷偷跑的。</p>



<p>中国现在都是12对12。</p>
<p><a href="/archives/1233">立讯精密是唯一一个让我有阴影的厂，全都是离职的，跑路了，大巴车来拉了</a>最先出现在<a href="/">中国人</a>。</p>
]]></content:encoded>
					
					<wfw:commentRss>/archives/1233/feed</wfw:commentRss>
			<slash:comments>0</slash:comments>
		
		
			</item>
		<item>
		<title>为什么国内富豪都跑了？这事儿其实不新鲜，刘强东5.6亿急买欧洲超级豪宅</title>
		<link>/archives/1202</link>
					<comments>/archives/1202#respond</comments>
		
		<dc:creator><![CDATA[中国人]]></dc:creator>
		<pubDate>Fri, 19 Apr 2024 07:56:14 +0000</pubDate>
				<category><![CDATA[民生福祉]]></category>
		<guid isPermaLink="false">http://chinaman.cloudns.ch/?p=1202</guid>

					<description><![CDATA[<p>又有国内巨富跑了啊，先是东哥直接套现了 66亿，然 [&#8230;]</p>
<p><a href="/archives/1202">为什么国内富豪都跑了？这事儿其实不新鲜，刘强东5.6亿急买欧洲超级豪宅</a>最先出现在<a href="/">中国人</a>。</p>
]]></description>
										<content:encoded><![CDATA[
<p>又有国内巨富跑了啊，先是东哥直接套现了 66亿，然后又有神秘女富豪用5.6亿人民币买了地中海的顶级豪宅，接着是老马开着2亿美元的游轮在西班牙打高尔夫。为什么富豪赚到钱后就会跑路呢？这个不是啥新鲜事儿了。古往今来都是如此，其实我觉得这文人和有钱人都很像，比如张爱玲，他在1955年就跑去美国定居了，那个年代很特殊，可以说，如果张爱玲再晚跑一年，就没有什么好下场了。文人和有钱人都有一个共同点，也就是普通人不太具备的，那就是敏感，懂得趋利避害。在某一段时间，他们能够抓住痛点，想办法让自己成功，等这段时间过去了，社会的趋势变了，甚至还有威胁到他们的迹象，他们就会感觉到非常乱，那个时候，富人唯一的路就是跑。你懂的，所以说不管是哪个国内富豪跑了，都不算是什么新闻，谁不想有钱后能享享清福。</p>



<p>私产不受保护，明抢。俄罗斯富豪阿布也是这么想的，可怜的切尔西。</p>



<p>为什么欧美的富豪从来就没有跑过呢？因为他们的国家保护私有财产，私有财产神圣不可侵犯，还可以随便转移。</p>



<p>你只要有一点不听话随便扣个帽子打到资本家，这就是一把利器，随手拈来。</p>



<p>在国内只能挣快钱，亡命钱，钱一到手就赶快跑，国内从来没有百年的企业。</p>



<p>穷人为什么不跑，不是穷人不想跑，而是没有能力跑。很多穷人都偷渡香港，偷渡美国。只是影响力不大而已。</p>
<p><a href="/archives/1202">为什么国内富豪都跑了？这事儿其实不新鲜，刘强东5.6亿急买欧洲超级豪宅</a>最先出现在<a href="/">中国人</a>。</p>
]]></content:encoded>
					
					<wfw:commentRss>/archives/1202/feed</wfw:commentRss>
			<slash:comments>0</slash:comments>
		
		
			</item>
		<item>
		<title>甲醛泡过的胡萝卜你买到过吗？测评科技与狠活，甲醛胡萝卜</title>
		<link>/archives/1199</link>
					<comments>/archives/1199#respond</comments>
		
		<dc:creator><![CDATA[中国人]]></dc:creator>
		<pubDate>Fri, 19 Apr 2024 07:23:43 +0000</pubDate>
				<category><![CDATA[民生福祉]]></category>
		<guid isPermaLink="false">http://chinaman.cloudns.ch/?p=1199</guid>

					<description><![CDATA[<p>你的命得多硬，这种甲醛泡过的胡萝卜，你也敢吃。我分 [&#8230;]</p>
<p><a href="/archives/1199">甲醛泡过的胡萝卜你买到过吗？测评科技与狠活，甲醛胡萝卜</a>最先出现在<a href="/">中国人</a>。</p>
]]></description>
										<content:encoded><![CDATA[
<p>你的命得多硬，这种甲醛泡过的胡萝卜，你也敢吃。我分别买了3种胡萝卜，这两种是在超市买的，一个处理的非常干净，另外一个是带泥的，这个是在菜市场买的，也是带泥的。今天我给大家做个实验，结果会让你惊掉下巴。下面咱们把3种胡萝卜都切开。分别放在3个碗里。一个是超市不带泥的，一个是超市带泥的，一个是菜市场带泥的。这是甲醛的测试液，把这个打开倒在白盒里。然后让这个白色的透明液体，倒在这个白盒里，晃一晃，让里面的粉末溶解，然后放到碗里。依次放到3个碗里。用保鲜膜将3个碗密封好。等30分钟。先把超市不带泥的胡萝卜打开，取出白盒，倒入黄色测试液，合上盖子，晃一晃。同样的方法取出另外两个白盒，倒入黄色测试液。再等十分钟。打开菜市场带泥胡萝卜，颜色几乎没有变化，参照对照表，应该在.0.02左右，没问题，在安全范围内。打开超市带泥的胡萝卜，颜色变深了，对比一下色卡，应该在1.5左右，严重超标。打开超市不带泥的，颜色在1.7左右，严重超标。超市里买的两种胡萝卜都严重超标，菜市场买的没有问题。-锋哥测评</p>
<p><a href="/archives/1199">甲醛泡过的胡萝卜你买到过吗？测评科技与狠活，甲醛胡萝卜</a>最先出现在<a href="/">中国人</a>。</p>
]]></content:encoded>
					
					<wfw:commentRss>/archives/1199/feed</wfw:commentRss>
			<slash:comments>0</slash:comments>
		
		
			</item>
		<item>
		<title>为什么国外的医院里没多少人，而国内的医院都是大把大把的病人？</title>
		<link>/archives/1191</link>
					<comments>/archives/1191#respond</comments>
		
		<dc:creator><![CDATA[中国人]]></dc:creator>
		<pubDate>Fri, 19 Apr 2024 03:50:19 +0000</pubDate>
				<category><![CDATA[民生福祉]]></category>
		<guid isPermaLink="false">http://chinaman.cloudns.ch/?p=1191</guid>

					<description><![CDATA[<p>明明我们医疗条件挺好的，病人真是一年比一年多，什么 [&#8230;]</p>
<p><a href="/archives/1191">为什么国外的医院里没多少人，而国内的医院都是大把大把的病人？</a>最先出现在<a href="/">中国人</a>。</p>
]]></description>
										<content:encoded><![CDATA[
<p>明明我们医疗条件挺好的，病人真是一年比一年多，什么高血压、糖尿病，什么颈椎病、关节炎，什么心脏病、脑梗，没有一个病让人省心，大家说说，这是为啥呢？</p>



<p>一个有趣的事情是，欧美国家许多知名专家最后的执业地点不是大医院或者地区医疗中心，而是当地小诊所。我上面说到了，医疗实力的本质是医疗人才，人家专家愿意在下面呆着，又舒服赚得还不少，下级医院的水平自然不会低到哪里去。</p>



<p>那么问题来了，为啥我国成名成家的大主任大专家不往下跑？用脚趾头想就知道，<strong>收入、整体分配机制</strong>呗。</p>



<p>说到这里我还挺期待三明医改全面铺开的(´-ω-`)如果真实现了“医务人员收入和工作量完全脱钩”，猜猜大家还有没有现在削尖了脑袋往大三甲卷的积极性啊？</p>
<p><a href="/archives/1191">为什么国外的医院里没多少人，而国内的医院都是大把大把的病人？</a>最先出现在<a href="/">中国人</a>。</p>
]]></content:encoded>
					
					<wfw:commentRss>/archives/1191/feed</wfw:commentRss>
			<slash:comments>0</slash:comments>
		
		
			</item>
		<item>
		<title>这样的面皮，你还敢吃吗？饺子皮和混沌皮都添加了科技与狠活“硼砂”</title>
		<link>/archives/1178</link>
					<comments>/archives/1178#respond</comments>
		
		<dc:creator><![CDATA[中国人]]></dc:creator>
		<pubDate>Fri, 19 Apr 2024 02:35:28 +0000</pubDate>
				<category><![CDATA[民生福祉]]></category>
		<guid isPermaLink="false">http://chinaman.cloudns.ch/?p=1178</guid>

					<description><![CDATA[<p>这也太他妈气人了，就连我们买的饺子皮和混沌皮，都添 [&#8230;]</p>
<p><a href="/archives/1178">这样的面皮，你还敢吃吗？饺子皮和混沌皮都添加了科技与狠活“硼砂”</a>最先出现在<a href="/">中国人</a>。</p>
]]></description>
										<content:encoded><![CDATA[
<p>这也太他妈气人了，就连我们买的饺子皮和混沌皮，都添加了科技与狠活。据说商家为了保鲜和不粘连，里面添加了硼砂。我现在跟大家做个小实验，这就是食品中硼砂检测试纸，测试后，试纸由黄色变成了深红色，爆表了，你真的添加硼砂了。根据国家的食品安全标准GB27600-36，明确规定，在食品中禁止添加硼砂。成年人的剂量是1.3克，致死量为15-20克。婴儿的致死量为2-5克。提醒大家，自己动手丰衣足食，自己做的更新鲜更健康。</p>



<p>压好的鲜面条里有没有？有的，他跟混沌是一样的，只是为了让他们不粘连，都要添加的。</p>



<p>我买的饺子皮没包完，剩头十片放冰箱。2天就酸味了，不知加没加？酸了就没加，不酸就是加了。</p>



<p>自己做，你能保证面粉就是正常的吗？</p>



<p>为啥就没人管？</p>



<p>尽量吃应季的食物，少买外面的，都是狠活。</p>
<p><a href="/archives/1178">这样的面皮，你还敢吃吗？饺子皮和混沌皮都添加了科技与狠活“硼砂”</a>最先出现在<a href="/">中国人</a>。</p>
]]></content:encoded>
					
					<wfw:commentRss>/archives/1178/feed</wfw:commentRss>
			<slash:comments>0</slash:comments>
		
		
			</item>
		<item>
		<title>利辛街头，惊现新型运输车，架子车！架子车！百公里仅需一身汗</title>
		<link>/archives/29</link>
					<comments>/archives/29#respond</comments>
		
		<dc:creator><![CDATA[中国人]]></dc:creator>
		<pubDate>Fri, 12 Apr 2024 07:22:10 +0000</pubDate>
				<category><![CDATA[民生福祉]]></category>
		<guid isPermaLink="false">https://demo.adorethemes.com/adore-blog-pro/?p=29</guid>

					<description><![CDATA[<p>新能源架子车，百公里只需一身汗，会不会过两天也要上 [&#8230;]</p>
<p><a href="/archives/29">利辛街头，惊现新型运输车，架子车！架子车！百公里仅需一身汗</a>最先出现在<a href="/">中国人</a>。</p>
]]></description>
										<content:encoded><![CDATA[<p>新能源架子车，百公里只需一身汗，会不会过两天也要上牌。大家都改用人力车了会不会收燃汗税？问到解放前。曾经有过地耕车管理证，真不敢相信还真有这个。这个不需要戴头盔，不需要上牌照，不会超标。</p>
<p>奇观啊，居然还能看见原始的交通工具，关键是不违规，而且环保，这是时代的进步吗？这是遥遥领先吗？不违规是还不到时候，等都拉架子车上路了他们的文件就出来了，照罚不误。</p>
<p>建议全国推广，绝对零排放，时速3公里，又安全。建议接送孩子上学都用这种车，学校放学时会是什么样的景象。你放心，如果全国跟风，专家又会想办法整治的，比如尺寸大小，限时通行等等。</p>
<p>这个需要什么证？需要良民证。</p>
<p>技术遥遥领先又出免油车，有哪个国家能比？中国的发展确实快，比世界任何国家都强，现在的老百姓都用上七十年代的架子车了，为祖国点赞。</p>
<p><a href="/archives/29">利辛街头，惊现新型运输车，架子车！架子车！百公里仅需一身汗</a>最先出现在<a href="/">中国人</a>。</p>
]]></content:encoded>
					
					<wfw:commentRss>/archives/29/feed</wfw:commentRss>
			<slash:comments>0</slash:comments>
		
		
			</item>
	</channel>
</rss>
