<?xml version="1.0" encoding="UTF-8"?><rss version="2.0"
	xmlns:content="http://purl.org/rss/1.0/modules/content/"
	xmlns:dc="http://purl.org/dc/elements/1.1/"
	xmlns:atom="http://www.w3.org/2005/Atom"
	xmlns:sy="http://purl.org/rss/1.0/modules/syndication/"
	
	>
<channel>
	<title>
	「人家在这里投资建厂，他们说是为了廉价劳动力；人家的工厂高工资高福利，他们说是为了腐蚀年轻人，不让年轻人奋斗」的评论	</title>
	<atom:link href="/archives/1252/feed" rel="self" type="application/rss+xml" />
	<link>/archives/1252</link>
	<description></description>
	<lastBuildDate>Sun, 21 Apr 2024 08:35:57 +0000</lastBuildDate>
	<sy:updatePeriod>
	hourly	</sy:updatePeriod>
	<sy:updateFrequency>
	1	</sy:updateFrequency>
	<generator>https://wordpress.org/?v=6.5.2</generator>
</channel>
</rss>
