<?xml version="1.0" encoding="UTF-8"?><rss version="2.0"
	xmlns:content="http://purl.org/rss/1.0/modules/content/"
	xmlns:dc="http://purl.org/dc/elements/1.1/"
	xmlns:atom="http://www.w3.org/2005/Atom"
	xmlns:sy="http://purl.org/rss/1.0/modules/syndication/"
	
	>
<channel>
	<title>
	「白岩松的儿子被英国伦敦国王学校录取了，学的是蒙古历史专业」的评论	</title>
	<atom:link href="/archives/1182/feed" rel="self" type="application/rss+xml" />
	<link>/archives/1182</link>
	<description></description>
	<lastBuildDate>Fri, 19 Apr 2024 03:00:09 +0000</lastBuildDate>
	<sy:updatePeriod>
	hourly	</sy:updatePeriod>
	<sy:updateFrequency>
	1	</sy:updateFrequency>
	<generator>https://wordpress.org/?v=6.5.2</generator>
</channel>
</rss>
