<?xml version="1.0" encoding="UTF-8"?><rss version="2.0"
	xmlns:content="http://purl.org/rss/1.0/modules/content/"
	xmlns:dc="http://purl.org/dc/elements/1.1/"
	xmlns:atom="http://www.w3.org/2005/Atom"
	xmlns:sy="http://purl.org/rss/1.0/modules/syndication/"
	
	>
<channel>
	<title>
	「特斯拉裁员更多细节曝光，中国裁员比例不止10%」的评论	</title>
	<atom:link href="/archives/1282/feed" rel="self" type="application/rss+xml" />
	<link>/archives/1282</link>
	<description></description>
	<lastBuildDate>Mon, 22 Apr 2024 03:48:19 +0000</lastBuildDate>
	<sy:updatePeriod>
	hourly	</sy:updatePeriod>
	<sy:updateFrequency>
	1	</sy:updateFrequency>
	<generator>https://wordpress.org/?v=6.5.2</generator>
</channel>
</rss>
