<?xml version="1.0" encoding="UTF-8"?><rss version="2.0"
	xmlns:content="http://purl.org/rss/1.0/modules/content/"
	xmlns:wfw="http://wellformedweb.org/CommentAPI/"
	xmlns:dc="http://purl.org/dc/elements/1.1/"
	xmlns:atom="http://www.w3.org/2005/Atom"
	xmlns:sy="http://purl.org/rss/1.0/modules/syndication/"
	xmlns:slash="http://purl.org/rss/1.0/modules/slash/"
	>

<channel>
	<title>国内新闻归档 - 中国人</title>
	<atom:link href="/archives/category/popular/feed" rel="self" type="application/rss+xml" />
	<link>/archives/category/popular</link>
	<description></description>
	<lastBuildDate>Mon, 22 Apr 2024 04:45:39 +0000</lastBuildDate>
	<language>zh-CN</language>
	<sy:updatePeriod>
	hourly	</sy:updatePeriod>
	<sy:updateFrequency>
	1	</sy:updateFrequency>
	<generator>https://wordpress.org/?v=6.5.2</generator>

<image>
	<url>/wp-content/uploads/2024/04/cropped-0-1-32x32.jpg</url>
	<title>国内新闻归档 - 中国人</title>
	<link>/archives/category/popular</link>
	<width>32</width>
	<height>32</height>
</image> 
	<item>
		<title>通过重庆燃气事件，我们能学到了什么？免职是不具备惩罚性，免职后可以平调</title>
		<link>/archives/1286</link>
					<comments>/archives/1286#respond</comments>
		
		<dc:creator><![CDATA[中国人]]></dc:creator>
		<pubDate>Mon, 22 Apr 2024 04:31:23 +0000</pubDate>
				<category><![CDATA[国内新闻]]></category>
		<guid isPermaLink="false">http://chinaman.cloudns.ch/?p=1286</guid>

					<description><![CDATA[<p>通过重庆燃气事件，我总结出来两个对大家非常有用的道 [&#8230;]</p>
<p><a href="/archives/1286">通过重庆燃气事件，我们能学到了什么？免职是不具备惩罚性，免职后可以平调</a>最先出现在<a href="/">中国人</a>。</p>
]]></description>
										<content:encoded><![CDATA[
<p>通过重庆燃气事件，我总结出来两个对大家非常有用的道理。第一个，以后偷东西只要退还赃物，就可以不用坐牢了；第二个，企业如果想业绩爆增，一定要管理不足监管不足人手不足和算错账。昨天官方就通报了，重庆燃气等燃气企业确实存在多收多记燃气费的情况，然后列举出来六大问题。很多人都解读过，我就不多说了，只终结出一句话：表没问题，气没问题，是人有问题。抄表人的问题，算账人的问题。先把这口锅扣在人工层面。但是请注意，这是不足，不是错误。官方的解释，是抄错了，抄表周期混乱，以及因为周期混乱导致的算错了金额。还有更换燃气表是因为信息录入方法落后，数据紊乱。</p>



<p>这些问题我都能够理解，但是问题怎么会这么多，去年公司第四季度的营收大幅增长了800%，那是不是说明企业想增加盈利，一定要多犯低级错误。喝多人怎么不打他的领导，他是真喝多了吗？工作失误算错账，怎么从来都是多算，从来不少算呢，他是真的工作失误吗？懂了吗？</p>



<p>有关部门的积极响应和工作的高效，是值得肯定的。我看这两天，成都等地也展开了相应的调查，并发出了通报，但我还是特别想知道，如果表没问题，气没问题，那家里面如果几个月没人，还多走出了那么多字，那到底什么问题呢？是闹鬼的问题吗？</p>



<p>民生问题是天大的问题，本来现在老百姓的钱袋子就紧，不管你是有意还是无意，不管你是失误还是预谋，只要你让人民的财产 无缘无故的受损，那就是犯罪。没得洗。</p>



<p>我虽然不想把这件事，过度的怀疑和批判成盗窃行为，但我不认为，他们公司的高层和股东不知情。但为什么他们会纵容或者假装看不见呢？这些本不应该百姓多付的钱，变成了燃气公司的财务报表，漂亮的增长数据和股东们银行卡里增长的数字，那这个他们看得见吗？</p>



<p>我真的在努力的说服自己，这不是偷，不是抢钱，但我实在想不通，如果这个不算偷，不算抢，那他算什么？</p>



<p>有人说了，这回没有甩锅给临时工，一把手都被免职了。大家知道什么是免职吗？免职是不具备惩罚性的，这不是处罚。免职以后工资待遇还有福利是没有变化的，之后还可以平调。我不想评价这种处理是否合理。我只是觉得这种性质的事情，管理者和背后更深层次的利益既得者是要负责的。 </p>
<p><a href="/archives/1286">通过重庆燃气事件，我们能学到了什么？免职是不具备惩罚性，免职后可以平调</a>最先出现在<a href="/">中国人</a>。</p>
]]></content:encoded>
					
					<wfw:commentRss>/archives/1286/feed</wfw:commentRss>
			<slash:comments>0</slash:comments>
		
		
			</item>
		<item>
		<title>特斯拉裁员更多细节曝光，中国裁员比例不止10%</title>
		<link>/archives/1282</link>
					<comments>/archives/1282#respond</comments>
		
		<dc:creator><![CDATA[中国人]]></dc:creator>
		<pubDate>Mon, 22 Apr 2024 03:48:16 +0000</pubDate>
				<category><![CDATA[国内新闻]]></category>
		<guid isPermaLink="false">http://chinaman.cloudns.ch/?p=1282</guid>

					<description><![CDATA[<p>　　在中国，有知情人士透露，特斯拉裁员也涉及多个部 [&#8230;]</p>
<p><a href="/archives/1282">特斯拉裁员更多细节曝光，中国裁员比例不止10%</a>最先出现在<a href="/">中国人</a>。</p>
]]></description>
										<content:encoded><![CDATA[
<p>　　在中国，有知情人士透露，特斯拉裁员也涉及多个部门，且裁员比例远不止马斯克所说的10%，有的部门将优化30%-40%，个别部门的裁员比例甚至高达50%，其他部门普遍在20%左右。据悉，销售部门是裁员的重灾区。特斯拉CEO马斯克在北京时间4月17日凌晨3点在社交媒体平台X上表示：“特斯拉正在精简销售和交付体系，这个体系已变得‘复杂而低效’。”</p>



<p>　　不过值得一提的是，特斯拉严格按照“N+3”的标准去赔偿被裁员工，入职不到半年的员工则按照“0.5N+3”进行赔偿。因为特斯拉底薪较高，最终赔偿到手大概有4-5万元。有特斯拉被裁员工向盖世汽车证实，入职特斯拉仅三个月，最终获赔4.4万元。且特斯拉裁员动作特别快，从裁员消息传出到办妥离职手续的过程很短，有员工透露从被叫到办公室到办好手续只用了5分钟。</p>



<p>　　此外，据悉特斯拉这波大规模裁员还波及上海超级工厂，该工厂的员工们已经收到官方邮件，不过有消息人士称上海工厂只会裁员“几十人”。</p>



<p>　　自特斯拉宣布裁员消息以来，特斯拉2个交易日股价已经跌超10%，市值蒸发了450亿美元。</p>
<p><a href="/archives/1282">特斯拉裁员更多细节曝光，中国裁员比例不止10%</a>最先出现在<a href="/">中国人</a>。</p>
]]></content:encoded>
					
					<wfw:commentRss>/archives/1282/feed</wfw:commentRss>
			<slash:comments>0</slash:comments>
		
		
			</item>
		<item>
		<title>假救护车又来了，看紧自己的孩子，严打十几年，黑救护为何横行至今？是不是真的太贵了用不起</title>
		<link>/archives/1264</link>
					<comments>/archives/1264#respond</comments>
		
		<dc:creator><![CDATA[中国人]]></dc:creator>
		<pubDate>Sun, 21 Apr 2024 09:21:02 +0000</pubDate>
				<category><![CDATA[国内新闻]]></category>
		<guid isPermaLink="false">http://chinaman.cloudns.ch/?p=1264</guid>

					<description><![CDATA[<p>乍一看，这台“急救车”装配了报警灯，车身外还喷涂有 [&#8230;]</p>
<p><a href="/archives/1264">假救护车又来了，看紧自己的孩子，严打十几年，黑救护为何横行至今？是不是真的太贵了用不起</a>最先出现在<a href="/">中国人</a>。</p>
]]></description>
										<content:encoded><![CDATA[
<p>乍一看，这台“急救车”装配了报警灯，车身外还喷涂有“120急救中心”标识；驾驶员身穿制服，车内装备有一些医疗设备，似乎与普通急救车无异。但三中队中队长周文星通过警务通后台数据调查发现，这辆“”急救车的使用性质为非营运。这是一辆非正规急救车。</p>



<p>目前，这辆七座面包车已经被依法扣留，同时对驾驶员处以拘留和罚款。假“急救车”不仅难以保证患者在就医途中获得好的治疗，还因为擅自改装改变了机动车的结构和性质，具有不小的道路交通安全隐患。市民朋友如何辨别真假救护车？</p>
<p><a href="/archives/1264">假救护车又来了，看紧自己的孩子，严打十几年，黑救护为何横行至今？是不是真的太贵了用不起</a>最先出现在<a href="/">中国人</a>。</p>
]]></content:encoded>
					
					<wfw:commentRss>/archives/1264/feed</wfw:commentRss>
			<slash:comments>0</slash:comments>
		
		
			</item>
		<item>
		<title>重庆燃气这个事，缺斤短两，应该退一赔三，计量器可是良心活儿，燃气用户算消费者吗？</title>
		<link>/archives/1230</link>
					<comments>/archives/1230#respond</comments>
		
		<dc:creator><![CDATA[中国人]]></dc:creator>
		<pubDate>Sun, 21 Apr 2024 04:01:38 +0000</pubDate>
				<category><![CDATA[国内新闻]]></category>
		<guid isPermaLink="false">http://chinaman.cloudns.ch/?p=1230</guid>

					<description><![CDATA[<p>重庆燃气这个事啊，有处理结果了，一是退钱，二是一把 [&#8230;]</p>
<p><a href="/archives/1230">重庆燃气这个事，缺斤短两，应该退一赔三，计量器可是良心活儿，燃气用户算消费者吗？</a>最先出现在<a href="/">中国人</a>。</p>
]]></description>
										<content:encoded><![CDATA[
<p>重庆燃气这个事啊，有处理结果了，一是退钱，二是一把手被撸了。有人认为这个处罚够重的，是非常严厉的 处理结果。我不知道普通的这种燃气用户，付费买这个燃气的用户的 人，算不算是消费者？符合不符合消费法？按消费法来说，这个属于缺斤短两，退一赔三。这个是法律有明文规定的。你想想，咱们去个农贸市场买个鸡蛋，人家缺斤短两，然后你看那个海鲜市场，什么七两称八两秤，这个都是有明文的处罚结果的。如果说是符合消费法，那你退费就不行了，你需要赔三。这个我觉得可能是老百姓最关心的事。至于你这个一把手是不是撸了，将来再换上来一个还他妈这个德行，那老百姓也不知道觉着是不是可以，有专家给咱们普及一下这个知识。好我们上农贸市场，我们带着电子秤，以后我们烧燃气，我们自己装一个什么东西，可以测试这个燃气的量是不是准。包括水表电表。原来我觉得这个东西就不是个事，北京前几年也是说换水表还是什么表，就有人说换了之后就加快，我当时还特别不以为然，我说这东西还能造假。那不是垄断的，这个不是就跟抢一样吗？这绝不可能。结果，我这看起来没有什么不可能的。易中天老师说了“一切皆有可能”。</p>
<p><a href="/archives/1230">重庆燃气这个事，缺斤短两，应该退一赔三，计量器可是良心活儿，燃气用户算消费者吗？</a>最先出现在<a href="/">中国人</a>。</p>
]]></content:encoded>
					
					<wfw:commentRss>/archives/1230/feed</wfw:commentRss>
			<slash:comments>0</slash:comments>
		
		
			</item>
		<item>
		<title>重庆市民的愤怒，不只是燃气费，智能电表智能水表应该也是这样的吧？</title>
		<link>/archives/1225</link>
					<comments>/archives/1225#respond</comments>
		
		<dc:creator><![CDATA[中国人]]></dc:creator>
		<pubDate>Sun, 21 Apr 2024 03:22:35 +0000</pubDate>
				<category><![CDATA[国内新闻]]></category>
		<guid isPermaLink="false">http://chinaman.cloudns.ch/?p=1225</guid>

					<description><![CDATA[<p>重庆市民的愤怒已经点燃，领导团队必须全体下课，集团 [&#8230;]</p>
<p><a href="/archives/1225">重庆市民的愤怒，不只是燃气费，智能电表智能水表应该也是这样的吧？</a>最先出现在<a href="/">中国人</a>。</p>
]]></description>
										<content:encoded><![CDATA[
<p>重庆市民的愤怒已经点燃，领导团队必须全体下课，集团高层和技术人员必须承担法律责任。简单的退款并不能平息民愤，3000万重庆市民以及全国14亿人民，都在密切的关注此事。重庆燃气集团的所作所为绝非简单的事物所能掩盖，这是一个有组织有计划的犯罪集团，其犯罪金额之大，涉及犯罪之广，堪称重庆建国以来最大的侵犯公民权益的案例。这种有组织有预谋的犯罪行为，必须受到法律的严惩。</p>



<p>应该不止是重庆一个城市的事吧，还有智能电表、智能水表，应该也是这样的吧？</p>



<p>计量表，是哪个校对检测的？检测机构和监管机构同样承担法律责任。</p>



<p>现在的电表，一个冰箱，一个电灯，每个月的电费比前五年翻了一翻。哈哈，我们这边已经开始换电表了。</p>



<p>同意，必须严惩所有相关管理团队和技术人员，并且退一赔三。</p>



<p>俺家的燃气以前每月60元左右，现在我已2月2号到4月4号用了350元，我都准备买气罐了。</p>



<p>河南这边也是这样，燃气费比前两年长了2-3倍。</p>



<p>燃气罐个不给足压，别问我怎么知道的，我以前开火锅店的。</p>



<p>加氮气的临时工可以要求加工资了，不加的话就爆料他们如何被领导要求加氮气的。</p>



<p>智能水表也是这样，就我们老两口白天不在家，可是每月的水费一点也不少。</p>



<p>很多人开始出来洗地了，应该大事化小，不能让一些别有用心的人搞事。也有人说公司领导必须吸取教训。中国的思维高深莫测，弯弯绕，又看似合情合理。</p>



<p>还有人提出，应该成立一个检测机构，公开对用户检测，可以收取一定的费用。但是他们的工资谁来出。其实这种事情，和食品安全一样在国外都有成本又低、效率又高的处理方式，就是重罚。平时不管，一旦发现就罚的你倾家荡产，又是不得翻身。不用天天看着他，法律的震慑力处处在。</p>



<p>什么是震慑力？比如保险，爱买不买，但是一旦出了事，没有保险后果很严重。所以，人会权衡利弊，还是主动去买保险。我们的法律没有震慑力，小偷偷十块钱，被带着罚五块，这有什么震撼力。还有相对比的就是城市摆地摊，这个太有震慑力了，但是穷人要活着，只能铤而走险。</p>
<p><a href="/archives/1225">重庆市民的愤怒，不只是燃气费，智能电表智能水表应该也是这样的吧？</a>最先出现在<a href="/">中国人</a>。</p>
]]></content:encoded>
					
					<wfw:commentRss>/archives/1225/feed</wfw:commentRss>
			<slash:comments>0</slash:comments>
		
		
			</item>
		<item>
		<title>女子储蓄卡涉诈遭冻结结案后解冻难，被要求到三千公里外线下办理</title>
		<link>/archives/406</link>
					<comments>/archives/406#respond</comments>
		
		<dc:creator><![CDATA[中国人]]></dc:creator>
		<pubDate>Wed, 17 Apr 2024 09:01:11 +0000</pubDate>
				<category><![CDATA[国内新闻]]></category>
		<guid isPermaLink="false">https://demo.adorethemes.com/adore-news-pro/?p=406</guid>

					<description><![CDATA[<p>　　贵州女子潘莉（化名）长期在广州经营业务，202 [&#8230;]</p>
<p><a href="/archives/406">女子储蓄卡涉诈遭冻结结案后解冻难，被要求到三千公里外线下办理</a>最先出现在<a href="/">中国人</a>。</p>
]]></description>
										<content:encoded><![CDATA[
<p>　　贵州女子潘莉（化名）长期在广州经营业务，2022年12月，她所使用的中国银行储蓄卡因涉嫌诈骗被内蒙古警方冻结。</p>



<p>　　2024年1月，潘莉前往贵阳市公安局反诈中心要求解冻银行卡，贵阳警方表示其无权限解卡，且银行卡所涉案件在2023年2月就已结案。在反诈中心的帮助下，潘莉联系到内蒙古兴安盟科尔沁右翼中旗公安局刑侦大队民警鲁杨，其要求潘莉到内蒙古办理解卡手续。潘莉对此表示不解。</p>



<p>　　地图显示，贵阳到科尔沁右翼中旗有三千公里左右的路程，乘火车也要50多个小时。</p>



<p>　　4月16日，鲁杨向澎湃新闻证实，2023年5月，他们已经没对涉案银行卡进行冻结。案件已经结案，当事人为何仍不能使用该卡，还必须当事人到内蒙古线下办理？该民警称，其他问题向宣传部报备后采访。</p>



<p>　　同日，中国银行工作人员回应称，核实到银行卡所涉案已完结，但因银行没有接到警方给予的任何文件，所以一直未对卡进行解冻。</p>



<p>　　潘莉是贵州省黔东南苗族侗族自治州黄平县人，2017年她来到广州开店，目前经营一家电子手机屏配件店。2022年12月，待在家中的潘莉接到了贵阳警方的来电，警方告诉潘莉，她在2019年于中国银行贵阳市瑞金支行办理的储蓄卡被冻结，需到公安局做笔录。</p>



<p>　　潘莉从黄平县警方处了解到，这张自己用于经营生意的中国银行储蓄卡，是被办案单位——内蒙古新安盟科尔沁右翼中旗公安局冻结的，其中一笔2022年10月16日发生的42250元交易往来涉嫌诈骗，付款方为于某某。</p>



<p>　　关于这笔款项，潘莉表示：“这笔钱是客户‘新华620’（档口号）于当天下午付给我们供给他手机屏的货款，至于于某某是谁，我们不知道，是‘新华620’指定的付款人”。她称，“新华620”与自己同在一个经营场所，并没有离开过广州。</p>



<p>　　2024年1月5日和8日，潘莉前后两次前往贵阳市公安局反诈中心。1月5日，民警回复潘莉，贵阳警方没有解冻权限，需要办案单位内蒙古新安盟科尔沁右翼中旗公安局许可方可解卡。</p>



<p>　　贵阳市公安局反诈中心向潘莉提供了内蒙古办案单位一位民警的联系方式，让潘莉自行与内蒙古警方沟通解卡事宜。对此潘莉表示，联系后并未解决问题：内蒙古办案民警鲁杨要求自己本人去办理解卡，线上无法解卡。</p>



<p>　　1月8日，潘莉再次前往贵阳市公安局反诈中心反馈情况，经内网查询后发现，潘莉银行卡所涉案件在2023年2月就已结案，至于银行卡为何仍未解冻，未知。</p>



<p>　　储蓄卡被冻结，不仅影响到潘莉的生意经营，还对其个人征信造成损害。潘莉表示，因为这张卡被冻结，其名下的其他银行卡也无法使用，一些原本手机端可操作的金融业务也必须去柜台办理。她也不能理解，既然办案已经结束了，为何不能将当事人的银行卡恢复正常，甚至需要自己亲自去内蒙古跑一趟。</p>



<p>　　澎湃新闻查询到，《公安机关办理刑事案件程序规定》第二百四十七条：对冻结的财产，经查明确实与案件无关的，应当在三日以内通知金融机构等单位解除冻结，并通知被冻结财产的所有人。</p>



<p>　　4月16日，澎湃新闻记者联系到内蒙古新安盟科尔沁右翼中旗公安局民警鲁杨，鲁杨表示：“他们（办案民警）在2023年5月份的时候就没有对这个银行卡再进行冻结了。”其他相关问题，需要联系宣传部再答复。</p>



<p>　　同日，潘莉向中国银行贵阳市瑞金支行查询银行卡状态，银行工作人员回应：核实到该银行卡所涉案已完结，但由于银行没有接到警方给予的任何文件，所以一直未对卡进行解冻。银行提出建议，让潘莉联系贵阳反诈中心，将案件已完结的证明出示给银行，即可解冻储蓄卡。但此前贵阳警方已回复称，需科尔沁右翼中旗公安局许可方可解卡。</p>
<p><a href="/archives/406">女子储蓄卡涉诈遭冻结结案后解冻难，被要求到三千公里外线下办理</a>最先出现在<a href="/">中国人</a>。</p>
]]></content:encoded>
					
					<wfw:commentRss>/archives/406/feed</wfw:commentRss>
			<slash:comments>0</slash:comments>
		
		
			</item>
		<item>
		<title>养老金“视同缴费”的空账谁来还？</title>
		<link>/archives/98</link>
					<comments>/archives/98#respond</comments>
		
		<dc:creator><![CDATA[中国人]]></dc:creator>
		<pubDate>Tue, 16 Apr 2024 07:50:34 +0000</pubDate>
				<category><![CDATA[国内新闻]]></category>
		<guid isPermaLink="false">https://demo.adorethemes.com/adore-blog-pro/?p=98</guid>

					<description><![CDATA[<p>昨天，清华大学医疗管理学杨燕绥教授的一段采访被广泛 [&#8230;]</p>
<p><a href="/archives/98">养老金“视同缴费”的空账谁来还？</a>最先出现在<a href="/">中国人</a>。</p>
]]></description>
										<content:encoded><![CDATA[<p data-first-child="" data-pid="7Vyvmmch">昨天，清华大学医疗管理学杨燕绥教授的一段采访被广泛讨论。她说我们的养老金制度是从97年开始，学习的德国现收现付制。</p>
<p data-pid="5AiVz5RL">那么在97年之前参与工作的人，他们是建国创业的功臣，不把他们之前的工作成果体现在养老金政策内，是不可以的。</p>
<p data-pid="Kkx05Th9">所以就将他们97年前的工作定为“视同缴费”。但又不能让他们去补缴97年前的费用，所以这就背上了一笔空账。</p>
<p data-pid="-JQyPFjt">那么这笔空账谁来还呢？</p>
<p data-pid="Ngh54F9j">按杨教授的话，这笔账当年是国企欠的，就要由国企来还。所以国企一直以来费率都很高，而且目前都在降薪，也是想把老人的账给还上。</p>
<p data-pid="cdBYjbC7">这一话题现在是一石激起千层浪。先不说现在的国企年轻人愿不愿意降薪还账，就是愿意他们也没有多少油水可刮了。</p>
<p data-pid="nz-Xfs5q">根据数据显示，养老金体系刚建立起来的时候，是7个年轻人交的钱养活一个老年人。而现在是2.5个年轻人养活一个老年人。越往后，年轻人压力越大。</p>
<p data-pid="hZ_jlmmb">这还没完，很多农民的儿女也在思考，既然要还债，那么当年我的父母交的哪些公粮又由谁来还呢？</p>
<p data-pid="oeXnUioy">这些问题都很棘手，也和我们新生人口断崖式下跌的未富先老的社会问题息息相关。</p>
<p data-pid="D_3hhUxi">那么到底该如何解决这些问题，未来又有哪些人的利益要受损，一切都是未知数。</p>
<p><a href="/archives/98">养老金“视同缴费”的空账谁来还？</a>最先出现在<a href="/">中国人</a>。</p>
]]></content:encoded>
					
					<wfw:commentRss>/archives/98/feed</wfw:commentRss>
			<slash:comments>0</slash:comments>
		
		
			</item>
		<item>
		<title>芜湖官方通报30岁女子在医院输错药身亡</title>
		<link>/archives/86</link>
					<comments>/archives/86#respond</comments>
		
		<dc:creator><![CDATA[中国人]]></dc:creator>
		<pubDate>Tue, 16 Apr 2024 07:40:58 +0000</pubDate>
				<category><![CDATA[国内新闻]]></category>
		<guid isPermaLink="false">https://demo.adorethemes.com/adore-blog-pro/?p=86</guid>

					<description><![CDATA[<p>奔流新闻讯（记者张鹏翔）4月13日，安徽芜湖市鸠江 [&#8230;]</p>
<p><a href="/archives/86">芜湖官方通报30岁女子在医院输错药身亡</a>最先出现在<a href="/">中国人</a>。</p>
]]></description>
										<content:encoded><![CDATA[<p>奔流新闻讯（记者张鹏翔）4月13日，安徽芜湖市鸠江区一女子在当地一医院因感冒输液，3小时后身亡。家属质疑院方输错药导致发生意外。4月17日下午，奔流新闻记者从安徽芜湖市鸠江区卫健委了解到，目前卫健部门已经介入调查处理。</p>
<p>死者的弟弟宫先生称，4月13日下午2时许，姐姐感冒不舒服前往位于芜湖市鸠江区沈巷镇的芜湖郑万全医院输液。下午4时许，姐夫接到医院电话说姐姐身体不适。家属赶到医院后，院方称正在抢救。“5时许120到了医院，检查后说患者已经死亡。”</p>
<p>宫先生说，事发后他们多次找医院了解姐姐的死因，但是一直无果。后来在有关部门的介入下，姐姐在16日做了尸检，目前还没收到尸检结果。“ 她还年轻，才31岁，女儿8岁 ，儿子才刚过完一周岁生日。”宫先生分析是医院输错药引发悲剧，希望追究院方的责任。</p>
<p>4月17日下午，奔流新闻记者联系到安徽芜湖市鸠江区卫健委了解情况，工作人员称卫健部门已经介入对此事的调查处理，目前正在等待尸检结果。</p>
<p>天眼查app显示，芜湖郑万全医院是一家成立30年的民营医院，曾因医疗损害责任纠纷被多次起诉。当日记者多次拨打院方公开联系电话，一直无人接听。</p>
<p><a href="/archives/86">芜湖官方通报30岁女子在医院输错药身亡</a>最先出现在<a href="/">中国人</a>。</p>
]]></content:encoded>
					
					<wfw:commentRss>/archives/86/feed</wfw:commentRss>
			<slash:comments>0</slash:comments>
		
		
			</item>
		<item>
		<title>扣除双休日及调休，“五一”实际仅放假1天</title>
		<link>/archives/411</link>
					<comments>/archives/411#respond</comments>
		
		<dc:creator><![CDATA[中国人]]></dc:creator>
		<pubDate>Mon, 15 Apr 2024 09:01:00 +0000</pubDate>
				<category><![CDATA[国内新闻]]></category>
		<guid isPermaLink="false">https://demo.adorethemes.com/adore-news-pro/?p=411</guid>

					<description><![CDATA[<p>连日来，反对调休的声音此起彼伏。扣除双休日及调休， [&#8230;]</p>
<p><a href="/archives/411">扣除双休日及调休，“五一”实际仅放假1天</a>最先出现在<a href="/">中国人</a>。</p>
]]></description>
										<content:encoded><![CDATA[<!-- /wp:paragraph -->

<!-- wp:paragraph -->
<p>连日来，反对调休的声音此起彼伏。<strong>扣除双休日及调休，“五一”实际仅放假1天，全年实际仅放假11天。</strong>网友们认为，这不是放假，而是“假放”。</p>
<!-- /wp:paragraph -->

<!-- wp:paragraph -->
<p>人们反对调休的原因很简单：身心俱疲。“凑假期”的方式，打乱了原本规律的工作节奏，造成身体疲惫，反而降低效率；连续工作六天，仅靠一天休整，带来心理焦虑。<strong>拼凑的长假“假象”，降低了公众的幸福感，引起越来越多的不满。</strong></p>
<!-- /wp:paragraph -->

<!-- wp:paragraph -->
<p>自1995年双休日制度确立，我国的节假日安排经历了近30年的演变。客观来说，我国假期总体时长有所增加，处于世界中等偏上位置。曾经的春节、五一、国庆三个“黄金周”，也激发了巨大的消费潜力。</p>
<!-- /wp:paragraph -->

<!-- wp:paragraph -->
<p><strong>问题是，为什么假期增多了，公众的获得感反而减低了？顶端评论员认为，调休带来的疲惫是结果，假期时长依然不足是根源。</strong></p>
<!-- /wp:paragraph -->

<!-- wp:paragraph -->
<p>从缓解社会压力的角度说，增加假期可以适当对冲调休的影响。当代年轻人很辛苦，“996”“007”常态下，不少人只能用躺平、佛系来自我安慰。<strong>多放两天假，效率提上来，恐怕才是优解。</strong></p>
<!-- /wp:paragraph -->

<!-- wp:paragraph -->
<p>从经济社会变化的角度说，多放假有利于扩大内需。当下消费疲软、产能过剩同时存在。密集出游导致人流扎堆，很多人不敢出门，不出门就没了消费。不如在保障正常双休的基础上，适当增加长假数量，让人们更愉快地合理消费。</p>
<!-- /wp:paragraph -->

<!-- wp:paragraph -->
<p>人类文明进步的标志之一，就是解放劳动力。中国依靠“人口红利”，创造了无数个经济奇迹。休假时长方面，理应向前列国家看齐，给予劳动者更多的关怀和尊重。</p>
<!-- /wp:paragraph -->

<!-- wp:paragraph -->
<p>增加休假时长，是为了更好地保障休息权益。国家法定节假日制度涉及经济社会的多个方面，涉及广大人民群众的切身利益。官方曾称，它的变动和调整，需要广泛调研，深入论证，充分听取社会各方面意见。现在，广泛的社会意见摆在面前，是否需要充分听取？</p>
<!-- /wp:paragraph -->

<!-- wp:paragraph -->
<p>期待正常节奏的假期，是人民群众对美好生活的向往。当调休安排与之矛盾、人民群众怨声持续不断，就应该听取意见、尽快调整。<strong>反对调休的声音，不能装作听不到。</strong></p>
<!-- /wp:paragraph --><p><a href="/archives/411">扣除双休日及调休，“五一”实际仅放假1天</a>最先出现在<a href="/">中国人</a>。</p>
]]></content:encoded>
					
					<wfw:commentRss>/archives/411/feed</wfw:commentRss>
			<slash:comments>0</slash:comments>
		
		
			</item>
		<item>
		<title>“男童被生母虐待致双腿截肢案”，父亲：会离婚自己带孩子</title>
		<link>/archives/97</link>
					<comments>/archives/97#respond</comments>
		
		<dc:creator><![CDATA[中国人]]></dc:creator>
		<pubDate>Mon, 15 Apr 2024 07:50:36 +0000</pubDate>
				<category><![CDATA[国内新闻]]></category>
		<guid isPermaLink="false">https://demo.adorethemes.com/adore-blog-pro/?p=97</guid>

					<description><![CDATA[<p>4月11日下午2点，生母虐待儿子致双腿截肢一案在江 [&#8230;]</p>
<p><a href="/archives/97">“男童被生母虐待致双腿截肢案”，父亲：会离婚自己带孩子</a>最先出现在<a href="/">中国人</a>。</p>
]]></description>
										<content:encoded><![CDATA[<p>4月11日下午2点，生母虐待儿子致双腿截肢一案在江苏南通市看守所驻所法庭一审第二次开庭审理。</p>
<p>11日下午，红星新闻记者从被生母虐待致截肢的男童父亲门先生处获悉，他下午出席了庭审，16时许庭审结束，法院当庭宣判，孩子生母顾某某以虐待罪被判处有期徒刑六年九个月，判决书会在5日内送达。</p>
<p data-t="{&quot;n&quot;:&quot;blueLinks&quot;}">门先生介绍，他在庭审现场见到了孩子生母顾某某，“她说自己后悔了，但不知道她内心真实想法。”门先生称，目前的判决结果没有达到自己的心理预期，“我心理预期是故意伤害罪和虐待罪并罚。”</p>
<p data-t="{&quot;n&quot;:&quot;blueLinks&quot;}">门先生告诉红星新闻记者，对之后是否会考虑上诉，还需要到时再衡量自己的精力和时间，一方面要照顾孩子，另一方面还要工作。“判决后我会离婚，自己带孩子。</p>
<p><a href="/archives/97">“男童被生母虐待致双腿截肢案”，父亲：会离婚自己带孩子</a>最先出现在<a href="/">中国人</a>。</p>
]]></content:encoded>
					
					<wfw:commentRss>/archives/97/feed</wfw:commentRss>
			<slash:comments>0</slash:comments>
		
		
			</item>
	</channel>
</rss>
