<?xml version="1.0" encoding="UTF-8"?><rss version="2.0"
	xmlns:content="http://purl.org/rss/1.0/modules/content/"
	xmlns:dc="http://purl.org/dc/elements/1.1/"
	xmlns:atom="http://www.w3.org/2005/Atom"
	xmlns:sy="http://purl.org/rss/1.0/modules/syndication/"
	
	>
<channel>
	<title>
	「立讯精密是唯一一个让我有阴影的厂，全都是离职的，跑路了，大巴车来拉了」的评论	</title>
	<atom:link href="/archives/1233/feed" rel="self" type="application/rss+xml" />
	<link>/archives/1233</link>
	<description></description>
	<lastBuildDate>Sun, 21 Apr 2024 07:41:45 +0000</lastBuildDate>
	<sy:updatePeriod>
	hourly	</sy:updatePeriod>
	<sy:updateFrequency>
	1	</sy:updateFrequency>
	<generator>https://wordpress.org/?v=6.5.2</generator>
</channel>
</rss>
