<?xml version="1.0" encoding="UTF-8"?><rss version="2.0"
	xmlns:content="http://purl.org/rss/1.0/modules/content/"
	xmlns:dc="http://purl.org/dc/elements/1.1/"
	xmlns:atom="http://www.w3.org/2005/Atom"
	xmlns:sy="http://purl.org/rss/1.0/modules/syndication/"
	
	>
<channel>
	<title>
	「星链卫星已接通72个国家，一些国家担心会影响自己的统治，果断将星链拒之门外」的评论	</title>
	<atom:link href="/archives/43/feed" rel="self" type="application/rss+xml" />
	<link>/archives/43</link>
	<description></description>
	<lastBuildDate>Thu, 18 Apr 2024 09:26:39 +0000</lastBuildDate>
	<sy:updatePeriod>
	hourly	</sy:updatePeriod>
	<sy:updateFrequency>
	1	</sy:updateFrequency>
	<generator>https://wordpress.org/?v=6.5.2</generator>
</channel>
</rss>
