<?xml version="1.0" encoding="UTF-8"?><rss version="2.0"
	xmlns:content="http://purl.org/rss/1.0/modules/content/"
	xmlns:dc="http://purl.org/dc/elements/1.1/"
	xmlns:atom="http://www.w3.org/2005/Atom"
	xmlns:sy="http://purl.org/rss/1.0/modules/syndication/"
	
	>
<channel>
	<title>
	「重庆燃气这个事，缺斤短两，应该退一赔三，计量器可是良心活儿，燃气用户算消费者吗？」的评论	</title>
	<atom:link href="/archives/1230/feed" rel="self" type="application/rss+xml" />
	<link>/archives/1230</link>
	<description></description>
	<lastBuildDate>Mon, 22 Apr 2024 04:36:55 +0000</lastBuildDate>
	<sy:updatePeriod>
	hourly	</sy:updatePeriod>
	<sy:updateFrequency>
	1	</sy:updateFrequency>
	<generator>https://wordpress.org/?v=6.5.2</generator>
</channel>
</rss>
