<?xml version="1.0" encoding="UTF-8"?><rss version="2.0"
	xmlns:content="http://purl.org/rss/1.0/modules/content/"
	xmlns:dc="http://purl.org/dc/elements/1.1/"
	xmlns:atom="http://www.w3.org/2005/Atom"
	xmlns:sy="http://purl.org/rss/1.0/modules/syndication/"
	
	>
<channel>
	<title>
	「为什么户籍制度不能消除？全世界只有三个国家有户籍制度，分别是中国、朝鲜、非洲贝宁」的评论	</title>
	<atom:link href="/archives/1276/feed" rel="self" type="application/rss+xml" />
	<link>/archives/1276</link>
	<description></description>
	<lastBuildDate>Sun, 21 Apr 2024 10:07:18 +0000</lastBuildDate>
	<sy:updatePeriod>
	hourly	</sy:updatePeriod>
	<sy:updateFrequency>
	1	</sy:updateFrequency>
	<generator>https://wordpress.org/?v=6.5.2</generator>
</channel>
</rss>
