<?xml version="1.0" encoding="UTF-8"?><rss version="2.0"
	xmlns:content="http://purl.org/rss/1.0/modules/content/"
	xmlns:wfw="http://wellformedweb.org/CommentAPI/"
	xmlns:dc="http://purl.org/dc/elements/1.1/"
	xmlns:atom="http://www.w3.org/2005/Atom"
	xmlns:sy="http://purl.org/rss/1.0/modules/syndication/"
	xmlns:slash="http://purl.org/rss/1.0/modules/slash/"
	>

<channel>
	<title>中国人</title>
	<atom:link href="/feed" rel="self" type="application/rss+xml" />
	<link>/</link>
	<description></description>
	<lastBuildDate>Tue, 23 Apr 2024 04:42:35 +0000</lastBuildDate>
	<language>zh-CN</language>
	<sy:updatePeriod>
	hourly	</sy:updatePeriod>
	<sy:updateFrequency>
	1	</sy:updateFrequency>
	<generator>https://wordpress.org/?v=6.5.2</generator>

<image>
	<url>/wp-content/uploads/2024/04/cropped-0-1-32x32.jpg</url>
	<title>中国人</title>
	<link>/</link>
	<width>32</width>
	<height>32</height>
</image> 
	<item>
		<title>快来看看你们平时喝的啤酒是不是工业啤酒？哈尔滨啤酒不推荐，百威啤酒不推荐</title>
		<link>/archives/1324</link>
					<comments>/archives/1324#respond</comments>
		
		<dc:creator><![CDATA[中国人]]></dc:creator>
		<pubDate>Tue, 23 Apr 2024 04:42:31 +0000</pubDate>
				<category><![CDATA[民生福祉]]></category>
		<guid isPermaLink="false">http://chinaman.cloudns.ch/?p=1324</guid>

					<description><![CDATA[<p>快来看看，你们平时喝的啤酒是不是工业啤酒？哈尔滨啤 [&#8230;]</p>
<p><a href="/archives/1324">快来看看你们平时喝的啤酒是不是工业啤酒？哈尔滨啤酒不推荐，百威啤酒不推荐</a>最先出现在<a href="/">中国人</a>。</p>
]]></description>
										<content:encoded><![CDATA[
<p>快来看看，你们平时喝的啤酒是不是工业啤酒？哈尔滨啤酒不推荐，为了降低成本用的都是糖浆酒花浸膏这类的科技产物，喝多了第二天容易头痛；青岛啤酒不推荐，麦汁儿浓度低口感淡，妥妥的工业啤酒；百威啤酒不推荐，为了降低成本，添加的大米麦芽都不到10，口味淡性价比不高；乌苏不推荐，被收购以后变成了工业啤酒，后劲大妥妥的利尿神器；雪花勇闯天涯不推荐，原料一般成本比较低，酿造的时间短，口感淡，喝起来就像水一样；珠江0度不推荐，里面添加了酒用糖浆、玉米淀粉、大米、酒花浸膏，一家人整整齐齐的都在这里了；崂山不推荐，添加了大米和酒花浸膏，原料差口感淡。</p>



<p>青岛白啤可以喝，福佳白可以喝，喜力可以喝，粉象可以喝，海底捞可以喝。</p>
<p><a href="/archives/1324">快来看看你们平时喝的啤酒是不是工业啤酒？哈尔滨啤酒不推荐，百威啤酒不推荐</a>最先出现在<a href="/">中国人</a>。</p>
]]></content:encoded>
					
					<wfw:commentRss>/archives/1324/feed</wfw:commentRss>
			<slash:comments>0</slash:comments>
		
		
			</item>
		<item>
		<title>大清官员还是要脸的，杀害秋瑾的浙江巡抚张曾扬</title>
		<link>/archives/1321</link>
					<comments>/archives/1321#respond</comments>
		
		<dc:creator><![CDATA[中国人]]></dc:creator>
		<pubDate>Tue, 23 Apr 2024 04:28:36 +0000</pubDate>
				<category><![CDATA[文化运动]]></category>
		<guid isPermaLink="false">http://chinaman.cloudns.ch/?p=1321</guid>

					<description><![CDATA[<p>秋瑾被害后，清政府迫于舆论压力，将杀害秋瑾的浙江巡 [&#8230;]</p>
<p><a href="/archives/1321">大清官员还是要脸的，杀害秋瑾的浙江巡抚张曾扬</a>最先出现在<a href="/">中国人</a>。</p>
]]></description>
										<content:encoded><![CDATA[
<p>秋瑾被害后，清政府迫于舆论压力，将杀害秋瑾的浙江巡抚张曾扬调到江苏，江苏民众上街游行，拒绝他来当巡抚。清政府再他改任山西，山西民众也强烈反对，忧郁成疾，辞官回乡，最终惨死的家中，大清官员还是要脸的。</p>
<p><a href="/archives/1321">大清官员还是要脸的，杀害秋瑾的浙江巡抚张曾扬</a>最先出现在<a href="/">中国人</a>。</p>
]]></content:encoded>
					
					<wfw:commentRss>/archives/1321/feed</wfw:commentRss>
			<slash:comments>0</slash:comments>
		
		
			</item>
		<item>
		<title>易中天的忠告：下一辈人看上一辈，比上一辈看下一辈更清楚</title>
		<link>/archives/1318</link>
					<comments>/archives/1318#respond</comments>
		
		<dc:creator><![CDATA[中国人]]></dc:creator>
		<pubDate>Tue, 23 Apr 2024 04:18:48 +0000</pubDate>
				<category><![CDATA[文化运动]]></category>
		<guid isPermaLink="false">http://chinaman.cloudns.ch/?p=1318</guid>

					<description><![CDATA[<p>这是很多父母很喜欢跟孩子说的三句话，不管是从出发点 [&#8230;]</p>
<p><a href="/archives/1318">易中天的忠告：下一辈人看上一辈，比上一辈看下一辈更清楚</a>最先出现在<a href="/">中国人</a>。</p>
]]></description>
										<content:encoded><![CDATA[
<p>这是很多父母很喜欢跟孩子说的三句话，不管是从出发点，还是从爱惜孩子上来讲，这三句话都没有错，但是父母一旦跟孩子这样说，就是错的。易中天表示，<strong>孩子不知道，也不想知道，甚至还会有些反感</strong>。</p>



<p>易中天先生认为：<strong>你吃盐吃多了，过得桥过多了，你的脑袋里装了很多教条</strong>。</p>



<p>我很赞同易中天先生这个看法，<strong>有些父母自己格局本来就有限，还把条条框框教给孩子，这是对孩子的束缚</strong>。我们<strong>吃过那么多盐，走过那么多桥，未必能过好自己这一生</strong>，再把自己错误的观点教给孩子，无疑是害了孩子。</p>



<p>易中天给所有父母一句忠告：<strong>下一辈看上一辈，永远比上一辈看下一辈看得清楚</strong>。</p>



<p>易中天说他爸爸根本不了解他，也看不懂他，所以到了他这一代，他从不给孩子说这三句话，也不愿意站在导师的角度，站在长者的角度来教育孩子，如果教育做不到平等，孩子就无法站直腰杆。</p>
<p><a href="/archives/1318">易中天的忠告：下一辈人看上一辈，比上一辈看下一辈更清楚</a>最先出现在<a href="/">中国人</a>。</p>
]]></content:encoded>
					
					<wfw:commentRss>/archives/1318/feed</wfw:commentRss>
			<slash:comments>0</slash:comments>
		
		
			</item>
		<item>
		<title>彭佩云：计划生育的国策，要一百年不动摇！</title>
		<link>/archives/1315</link>
					<comments>/archives/1315#respond</comments>
		
		<dc:creator><![CDATA[中国人]]></dc:creator>
		<pubDate>Tue, 23 Apr 2024 04:14:02 +0000</pubDate>
				<category><![CDATA[文化运动]]></category>
		<guid isPermaLink="false">http://chinaman.cloudns.ch/?p=1315</guid>

					<description><![CDATA[<p>计划生育曾是基本国策，长期执行。但时与时异，随着经 [&#8230;]</p>
<p><a href="/archives/1315">彭佩云：计划生育的国策，要一百年不动摇！</a>最先出现在<a href="/">中国人</a>。</p>
]]></description>
										<content:encoded><![CDATA[
<p>计划生育曾是基本国策，长期执行。但时与时异，随着经济的发展，社会的进步，它也进一步调整。现在也已经放开了三胎，只不过我国的人口 却已经负增长。</p>



<p>没有脸，所以无法打脸。</p>
<p><a href="/archives/1315">彭佩云：计划生育的国策，要一百年不动摇！</a>最先出现在<a href="/">中国人</a>。</p>
]]></content:encoded>
					
					<wfw:commentRss>/archives/1315/feed</wfw:commentRss>
			<slash:comments>0</slash:comments>
		
		
			</item>
		<item>
		<title>大型记录片之柬埔寨波尔布特的传奇一生，他证明了人类文明是可逆的</title>
		<link>/archives/1312</link>
					<comments>/archives/1312#respond</comments>
		
		<dc:creator><![CDATA[中国人]]></dc:creator>
		<pubDate>Tue, 23 Apr 2024 04:10:04 +0000</pubDate>
				<category><![CDATA[文化运动]]></category>
		<guid isPermaLink="false">http://chinaman.cloudns.ch/?p=1312</guid>

					<description><![CDATA[<p>给他一个最高领导人的职位，他能将城市化率迅速减少到 [&#8230;]</p>
<p><a href="/archives/1312">大型记录片之柬埔寨波尔布特的传奇一生，他证明了人类文明是可逆的</a>最先出现在<a href="/">中国人</a>。</p>
]]></description>
										<content:encoded><![CDATA[
<p>给他一个最高领导人的职位，他能将城市化率迅速减少到0%，再给他5年时间，他能让人口减少1/3。他掌权前，金边是一座拥有200万人口的大城市，他掌权后，金边的鬼比人还多。他就是柬埔寨的伟大领袖，现代文明的终结者&#8211;波尔布特。</p>



<p>在他到来前，柬埔寨是一个堕落的资本主义社会，他到来后人民都过上了每天24小时睡眠的美好生活。然而像波尔布特这样百年一遇的人才，也难免有人指责，不过波尔布特却说：</p>



<p>“朋友越是支持我，越说明我做对了。敌人越是反对我，越说明我做对了。朋友若是反对我，说明朋友已经变成的敌人。敌人越是反对我，越说明我做对了。有缺陷的战士终究是战士，再完美的苍蝇也终归是苍蝇。”</p>



<p>此话一出，非洲三大明君都对他赞不绝口。乌干达总统伊迪阿明表示，在他面前，我治国理政的才能根本不值一提。（伊迪阿明以恐怖手段维持独裁统治，杀害了所有异己份子。在阿明统治的8年中，约有10万~50万乌干达人被杀。在外交上，乌干达与英国、以色列、美国断交，倒向苏联和阿拉伯国家。阿明与中非皇帝博卡萨、扎伊尔总统蒙博托被并称为“非洲三大暴君”。）</p>



<p>美国五星级上将麦克阿瑟评价，波尔布特走后，他们给你们修建学校和医院，不是因为他们是好人，也不是因为他们良心发现了，而是波尔布特把学校和医院都拆了。</p>
<p><a href="/archives/1312">大型记录片之柬埔寨波尔布特的传奇一生，他证明了人类文明是可逆的</a>最先出现在<a href="/">中国人</a>。</p>
]]></content:encoded>
					
					<wfw:commentRss>/archives/1312/feed</wfw:commentRss>
			<slash:comments>0</slash:comments>
		
		
			</item>
		<item>
		<title>最愚蠢的经济手段是什么？就是刺激消费</title>
		<link>/archives/1309</link>
					<comments>/archives/1309#respond</comments>
		
		<dc:creator><![CDATA[中国人]]></dc:creator>
		<pubDate>Tue, 23 Apr 2024 03:46:00 +0000</pubDate>
				<category><![CDATA[文化运动]]></category>
		<guid isPermaLink="false">http://chinaman.cloudns.ch/?p=1309</guid>

					<description><![CDATA[<p>如果一个经济学家提出要刺激消费，那他不是蠢就是坏。 [&#8230;]</p>
<p><a href="/archives/1309">最愚蠢的经济手段是什么？就是刺激消费</a>最先出现在<a href="/">中国人</a>。</p>
]]></description>
										<content:encoded><![CDATA[
<p>如果一个经济学家提出要刺激消费，那他不是蠢就是坏。最愚蠢的经济手段就是刺激消费。靠刺激消费拉动经济，纯属胡说八道。</p>



<p>任何一个经济学家，在现今的局面下，提出刺激消费，我们就可以直接给他定性，他不是蠢就是坏。</p>



<p>今天我们好好讨论一下，把消费不足当成经济问题的所谓的专家。消费的问题四经济的核心问题，但刺激消费的操作，就未必是解决问题的方法了。马不跑那这个问题确实是问题，你要弄明白他的根源是什么，是他偷懒了，还是他饿了，还是他跑累了？</p>



<p>刺激消费这个策略就是拿鞭子去抽这匹马，逼着马继续跑。如果真是马偷懒，这个没有问题。如果不是呢，你继续抽他，他就口吐白沫了，很有可能就累倒了累死了。现在经济的状况不是偷懒，而是饿了，这个时候你往死里折腾他，他肯定会死的很难看。</p>



<p>增加消费，增加就业，逐渐提高消费的能力，等人有了钱，自然就会去消费了。</p>
<p><a href="/archives/1309">最愚蠢的经济手段是什么？就是刺激消费</a>最先出现在<a href="/">中国人</a>。</p>
]]></content:encoded>
					
					<wfw:commentRss>/archives/1309/feed</wfw:commentRss>
			<slash:comments>0</slash:comments>
		
		
			</item>
		<item>
		<title>美国是怎么驯服军队的，为什么美国从来就没有出现过军事政变？</title>
		<link>/archives/1306</link>
					<comments>/archives/1306#respond</comments>
		
		<dc:creator><![CDATA[中国人]]></dc:creator>
		<pubDate>Tue, 23 Apr 2024 03:28:23 +0000</pubDate>
				<category><![CDATA[法律制度]]></category>
		<guid isPermaLink="false">http://chinaman.cloudns.ch/?p=1306</guid>

					<description><![CDATA[<p>我们现在每个人，尤其我们中国人，有一个普遍的认知， [&#8230;]</p>
<p><a href="/archives/1306">美国是怎么驯服军队的，为什么美国从来就没有出现过军事政变？</a>最先出现在<a href="/">中国人</a>。</p>
]]></description>
										<content:encoded><![CDATA[
<p>我们现在每个人，尤其我们中国人，有一个普遍的认知，就觉得这个美国啊，就像一个国际警察一样，大家也都知道，美国现在的军事实力，我们不管你愿意还是不愿意，我们都得承认，他确实军事实力非常之强大。基本上可以吊打全世界。</p>



<p>但是大家想没有想过这样一个问题？如此强大的一支军队，为什么在美国没有军事政变呢？没有用他这种超强的力量，去颠覆政府，为什么会这样？</p>



<p>美国是如何把它这支非常强悍的军队，驯服的像一只小猫一样乖巧。这个原因就值得我们思考了。其实这就是美国和俄罗斯在军事政治上的一个根本性的不同。因为美国这个军队，他要效忠于宪法。这是美国军队的一个根本性的问题，他不是效忠某一个人，也不是效忠于某个集团，他是要效忠于宪法。</p>



<p>美国军人的宣誓誓词当中，他就有一句，那最核心的一句就是，我将忠实忠诚的对待宪法。</p>



<p>而美国的宪法和其他国家的宪法不太一样，美国的宪法，他没有空泛的去大谈国家性质，也没有空泛的去谈他代表了谁的利益。比如大部分的国家的宪法都代表人民的利益，他在阐释美国立国的理想。我们为什么要建立这个国家，这个国家的权力的分布与制衡的关系，他像一个说明书一样，美国说明书其实就是美国的宪法。</p>



<p>美国之所以强大，是美国军民承担的捍卫宪法的责任，而不是愚昧的空洞的忠于某一个人或某一个团体。</p>
<p><a href="/archives/1306">美国是怎么驯服军队的，为什么美国从来就没有出现过军事政变？</a>最先出现在<a href="/">中国人</a>。</p>
]]></content:encoded>
					
					<wfw:commentRss>/archives/1306/feed</wfw:commentRss>
			<slash:comments>0</slash:comments>
		
		
			</item>
		<item>
		<title>胡适认为自由不是奢饰品，而是必需品</title>
		<link>/archives/1293</link>
					<comments>/archives/1293#respond</comments>
		
		<dc:creator><![CDATA[中国人]]></dc:creator>
		<pubDate>Mon, 22 Apr 2024 05:30:45 +0000</pubDate>
				<category><![CDATA[文化运动]]></category>
		<guid isPermaLink="false">http://chinaman.cloudns.ch/?p=1293</guid>

					<description><![CDATA[<p>何为自由？自由真正的意义是什么？如何实践落实自由？ [&#8230;]</p>
<p><a href="/archives/1293">胡适认为自由不是奢饰品，而是必需品</a>最先出现在<a href="/">中国人</a>。</p>
]]></description>
										<content:encoded><![CDATA[
<p>何为自由？自由真正的意义是什么？如何实践落实自由？自由是抽象性名词，亦是具象性名词。胡适认为自由不是奢饰品，而是必需品。必须秉持该种意识方可拥有自由。要知道胡适思想倡导的个人主义、国民性改造、世界公民，此三者核心前提便是自由。现在听一段胡适谈及该名词的讲话：思想是自由思想，是提倡思想自由的思想。在我可以说是40年来，40年来如一日，40年来不断地提倡“人要自由”。一个自由的国家不是一帮奴才能够创造的，自由国家只有自由的人才能够创造的，爱自由如生命，爱自由如面包，爱自由比面包还重要，比生命还重要，只有这种人才能够创造出一个自由的国家。</p>
<p><a href="/archives/1293">胡适认为自由不是奢饰品，而是必需品</a>最先出现在<a href="/">中国人</a>。</p>
]]></content:encoded>
					
					<wfw:commentRss>/archives/1293/feed</wfw:commentRss>
			<slash:comments>0</slash:comments>
		
		
			</item>
		<item>
		<title>通过重庆燃气事件，我们能学到了什么？免职是不具备惩罚性，免职后可以平调</title>
		<link>/archives/1286</link>
					<comments>/archives/1286#respond</comments>
		
		<dc:creator><![CDATA[中国人]]></dc:creator>
		<pubDate>Mon, 22 Apr 2024 04:31:23 +0000</pubDate>
				<category><![CDATA[国内新闻]]></category>
		<guid isPermaLink="false">http://chinaman.cloudns.ch/?p=1286</guid>

					<description><![CDATA[<p>通过重庆燃气事件，我总结出来两个对大家非常有用的道 [&#8230;]</p>
<p><a href="/archives/1286">通过重庆燃气事件，我们能学到了什么？免职是不具备惩罚性，免职后可以平调</a>最先出现在<a href="/">中国人</a>。</p>
]]></description>
										<content:encoded><![CDATA[
<p>通过重庆燃气事件，我总结出来两个对大家非常有用的道理。第一个，以后偷东西只要退还赃物，就可以不用坐牢了；第二个，企业如果想业绩爆增，一定要管理不足监管不足人手不足和算错账。昨天官方就通报了，重庆燃气等燃气企业确实存在多收多记燃气费的情况，然后列举出来六大问题。很多人都解读过，我就不多说了，只终结出一句话：表没问题，气没问题，是人有问题。抄表人的问题，算账人的问题。先把这口锅扣在人工层面。但是请注意，这是不足，不是错误。官方的解释，是抄错了，抄表周期混乱，以及因为周期混乱导致的算错了金额。还有更换燃气表是因为信息录入方法落后，数据紊乱。</p>



<p>这些问题我都能够理解，但是问题怎么会这么多，去年公司第四季度的营收大幅增长了800%，那是不是说明企业想增加盈利，一定要多犯低级错误。喝多人怎么不打他的领导，他是真喝多了吗？工作失误算错账，怎么从来都是多算，从来不少算呢，他是真的工作失误吗？懂了吗？</p>



<p>有关部门的积极响应和工作的高效，是值得肯定的。我看这两天，成都等地也展开了相应的调查，并发出了通报，但我还是特别想知道，如果表没问题，气没问题，那家里面如果几个月没人，还多走出了那么多字，那到底什么问题呢？是闹鬼的问题吗？</p>



<p>民生问题是天大的问题，本来现在老百姓的钱袋子就紧，不管你是有意还是无意，不管你是失误还是预谋，只要你让人民的财产 无缘无故的受损，那就是犯罪。没得洗。</p>



<p>我虽然不想把这件事，过度的怀疑和批判成盗窃行为，但我不认为，他们公司的高层和股东不知情。但为什么他们会纵容或者假装看不见呢？这些本不应该百姓多付的钱，变成了燃气公司的财务报表，漂亮的增长数据和股东们银行卡里增长的数字，那这个他们看得见吗？</p>



<p>我真的在努力的说服自己，这不是偷，不是抢钱，但我实在想不通，如果这个不算偷，不算抢，那他算什么？</p>



<p>有人说了，这回没有甩锅给临时工，一把手都被免职了。大家知道什么是免职吗？免职是不具备惩罚性的，这不是处罚。免职以后工资待遇还有福利是没有变化的，之后还可以平调。我不想评价这种处理是否合理。我只是觉得这种性质的事情，管理者和背后更深层次的利益既得者是要负责的。 </p>
<p><a href="/archives/1286">通过重庆燃气事件，我们能学到了什么？免职是不具备惩罚性，免职后可以平调</a>最先出现在<a href="/">中国人</a>。</p>
]]></content:encoded>
					
					<wfw:commentRss>/archives/1286/feed</wfw:commentRss>
			<slash:comments>0</slash:comments>
		
		
			</item>
		<item>
		<title>特斯拉裁员更多细节曝光，中国裁员比例不止10%</title>
		<link>/archives/1282</link>
					<comments>/archives/1282#respond</comments>
		
		<dc:creator><![CDATA[中国人]]></dc:creator>
		<pubDate>Mon, 22 Apr 2024 03:48:16 +0000</pubDate>
				<category><![CDATA[国内新闻]]></category>
		<guid isPermaLink="false">http://chinaman.cloudns.ch/?p=1282</guid>

					<description><![CDATA[<p>　　在中国，有知情人士透露，特斯拉裁员也涉及多个部 [&#8230;]</p>
<p><a href="/archives/1282">特斯拉裁员更多细节曝光，中国裁员比例不止10%</a>最先出现在<a href="/">中国人</a>。</p>
]]></description>
										<content:encoded><![CDATA[
<p>　　在中国，有知情人士透露，特斯拉裁员也涉及多个部门，且裁员比例远不止马斯克所说的10%，有的部门将优化30%-40%，个别部门的裁员比例甚至高达50%，其他部门普遍在20%左右。据悉，销售部门是裁员的重灾区。特斯拉CEO马斯克在北京时间4月17日凌晨3点在社交媒体平台X上表示：“特斯拉正在精简销售和交付体系，这个体系已变得‘复杂而低效’。”</p>



<p>　　不过值得一提的是，特斯拉严格按照“N+3”的标准去赔偿被裁员工，入职不到半年的员工则按照“0.5N+3”进行赔偿。因为特斯拉底薪较高，最终赔偿到手大概有4-5万元。有特斯拉被裁员工向盖世汽车证实，入职特斯拉仅三个月，最终获赔4.4万元。且特斯拉裁员动作特别快，从裁员消息传出到办妥离职手续的过程很短，有员工透露从被叫到办公室到办好手续只用了5分钟。</p>



<p>　　此外，据悉特斯拉这波大规模裁员还波及上海超级工厂，该工厂的员工们已经收到官方邮件，不过有消息人士称上海工厂只会裁员“几十人”。</p>



<p>　　自特斯拉宣布裁员消息以来，特斯拉2个交易日股价已经跌超10%，市值蒸发了450亿美元。</p>
<p><a href="/archives/1282">特斯拉裁员更多细节曝光，中国裁员比例不止10%</a>最先出现在<a href="/">中国人</a>。</p>
]]></content:encoded>
					
					<wfw:commentRss>/archives/1282/feed</wfw:commentRss>
			<slash:comments>0</slash:comments>
		
		
			</item>
	</channel>
</rss>
