<?xml version="1.0" encoding="UTF-8"?><rss version="2.0"
	xmlns:content="http://purl.org/rss/1.0/modules/content/"
	xmlns:dc="http://purl.org/dc/elements/1.1/"
	xmlns:atom="http://www.w3.org/2005/Atom"
	xmlns:sy="http://purl.org/rss/1.0/modules/syndication/"
	
	>
<channel>
	<title>
	「易中天的忠告：下一辈人看上一辈，比上一辈看下一辈更清楚」的评论	</title>
	<atom:link href="/archives/1318/feed" rel="self" type="application/rss+xml" />
	<link>/archives/1318</link>
	<description></description>
	<lastBuildDate>Tue, 23 Apr 2024 04:18:51 +0000</lastBuildDate>
	<sy:updatePeriod>
	hourly	</sy:updatePeriod>
	<sy:updateFrequency>
	1	</sy:updateFrequency>
	<generator>https://wordpress.org/?v=6.5.2</generator>
</channel>
</rss>
