<?xml version="1.0" encoding="UTF-8"?><rss version="2.0"
	xmlns:content="http://purl.org/rss/1.0/modules/content/"
	xmlns:dc="http://purl.org/dc/elements/1.1/"
	xmlns:atom="http://www.w3.org/2005/Atom"
	xmlns:sy="http://purl.org/rss/1.0/modules/syndication/"
	
	>
<channel>
	<title>
	「社会福利是国家富强的标志，福利的分配向弱势群体倾斜，是国家文明的体现」的评论	</title>
	<atom:link href="/archives/1188/feed" rel="self" type="application/rss+xml" />
	<link>/archives/1188</link>
	<description></description>
	<lastBuildDate>Fri, 19 Apr 2024 03:42:04 +0000</lastBuildDate>
	<sy:updatePeriod>
	hourly	</sy:updatePeriod>
	<sy:updateFrequency>
	1	</sy:updateFrequency>
	<generator>https://wordpress.org/?v=6.5.2</generator>
</channel>
</rss>
