<?xml version="1.0" encoding="UTF-8"?><rss version="2.0"
	xmlns:content="http://purl.org/rss/1.0/modules/content/"
	xmlns:dc="http://purl.org/dc/elements/1.1/"
	xmlns:atom="http://www.w3.org/2005/Atom"
	xmlns:sy="http://purl.org/rss/1.0/modules/syndication/"
	
	>
<channel>
	<title>
	「为什么国外的医院里没多少人，而国内的医院都是大把大把的病人？」的评论	</title>
	<atom:link href="/archives/1191/feed" rel="self" type="application/rss+xml" />
	<link>/archives/1191</link>
	<description></description>
	<lastBuildDate>Fri, 19 Apr 2024 03:50:22 +0000</lastBuildDate>
	<sy:updatePeriod>
	hourly	</sy:updatePeriod>
	<sy:updateFrequency>
	1	</sy:updateFrequency>
	<generator>https://wordpress.org/?v=6.5.2</generator>
</channel>
</rss>
