<?xml version="1.0" encoding="UTF-8"?><rss version="2.0"
	xmlns:content="http://purl.org/rss/1.0/modules/content/"
	xmlns:dc="http://purl.org/dc/elements/1.1/"
	xmlns:atom="http://www.w3.org/2005/Atom"
	xmlns:sy="http://purl.org/rss/1.0/modules/syndication/"
	
	>
<channel>
	<title>
	「特斯拉或许终将离我们而去，特斯拉将在印度选址，建造价值20亿-30亿美元的电动汽车工厂」的评论	</title>
	<atom:link href="/archives/1211/feed" rel="self" type="application/rss+xml" />
	<link>/archives/1211</link>
	<description></description>
	<lastBuildDate>Fri, 19 Apr 2024 09:06:53 +0000</lastBuildDate>
	<sy:updatePeriod>
	hourly	</sy:updatePeriod>
	<sy:updateFrequency>
	1	</sy:updateFrequency>
	<generator>https://wordpress.org/?v=6.5.2</generator>
</channel>
</rss>
