<?xml version="1.0" encoding="UTF-8"?><rss version="2.0"
	xmlns:content="http://purl.org/rss/1.0/modules/content/"
	xmlns:wfw="http://wellformedweb.org/CommentAPI/"
	xmlns:dc="http://purl.org/dc/elements/1.1/"
	xmlns:atom="http://www.w3.org/2005/Atom"
	xmlns:sy="http://purl.org/rss/1.0/modules/syndication/"
	xmlns:slash="http://purl.org/rss/1.0/modules/slash/"
	>

<channel>
	<title>法律制度归档 - 中国人</title>
	<atom:link href="/archives/category/technology/feed" rel="self" type="application/rss+xml" />
	<link>/archives/category/technology</link>
	<description></description>
	<lastBuildDate>Tue, 23 Apr 2024 03:28:28 +0000</lastBuildDate>
	<language>zh-CN</language>
	<sy:updatePeriod>
	hourly	</sy:updatePeriod>
	<sy:updateFrequency>
	1	</sy:updateFrequency>
	<generator>https://wordpress.org/?v=6.5.2</generator>

<image>
	<url>/wp-content/uploads/2024/04/cropped-0-1-32x32.jpg</url>
	<title>法律制度归档 - 中国人</title>
	<link>/archives/category/technology</link>
	<width>32</width>
	<height>32</height>
</image> 
	<item>
		<title>美国是怎么驯服军队的，为什么美国从来就没有出现过军事政变？</title>
		<link>/archives/1306</link>
					<comments>/archives/1306#respond</comments>
		
		<dc:creator><![CDATA[中国人]]></dc:creator>
		<pubDate>Tue, 23 Apr 2024 03:28:23 +0000</pubDate>
				<category><![CDATA[法律制度]]></category>
		<guid isPermaLink="false">http://chinaman.cloudns.ch/?p=1306</guid>

					<description><![CDATA[<p>我们现在每个人，尤其我们中国人，有一个普遍的认知， [&#8230;]</p>
<p><a href="/archives/1306">美国是怎么驯服军队的，为什么美国从来就没有出现过军事政变？</a>最先出现在<a href="/">中国人</a>。</p>
]]></description>
										<content:encoded><![CDATA[
<p>我们现在每个人，尤其我们中国人，有一个普遍的认知，就觉得这个美国啊，就像一个国际警察一样，大家也都知道，美国现在的军事实力，我们不管你愿意还是不愿意，我们都得承认，他确实军事实力非常之强大。基本上可以吊打全世界。</p>



<p>但是大家想没有想过这样一个问题？如此强大的一支军队，为什么在美国没有军事政变呢？没有用他这种超强的力量，去颠覆政府，为什么会这样？</p>



<p>美国是如何把它这支非常强悍的军队，驯服的像一只小猫一样乖巧。这个原因就值得我们思考了。其实这就是美国和俄罗斯在军事政治上的一个根本性的不同。因为美国这个军队，他要效忠于宪法。这是美国军队的一个根本性的问题，他不是效忠某一个人，也不是效忠于某个集团，他是要效忠于宪法。</p>



<p>美国军人的宣誓誓词当中，他就有一句，那最核心的一句就是，我将忠实忠诚的对待宪法。</p>



<p>而美国的宪法和其他国家的宪法不太一样，美国的宪法，他没有空泛的去大谈国家性质，也没有空泛的去谈他代表了谁的利益。比如大部分的国家的宪法都代表人民的利益，他在阐释美国立国的理想。我们为什么要建立这个国家，这个国家的权力的分布与制衡的关系，他像一个说明书一样，美国说明书其实就是美国的宪法。</p>



<p>美国之所以强大，是美国军民承担的捍卫宪法的责任，而不是愚昧的空洞的忠于某一个人或某一个团体。</p>
<p><a href="/archives/1306">美国是怎么驯服军队的，为什么美国从来就没有出现过军事政变？</a>最先出现在<a href="/">中国人</a>。</p>
]]></content:encoded>
					
					<wfw:commentRss>/archives/1306/feed</wfw:commentRss>
			<slash:comments>0</slash:comments>
		
		
			</item>
		<item>
		<title>为什么户籍制度不能消除？全世界只有三个国家有户籍制度，分别是中国、朝鲜、非洲贝宁</title>
		<link>/archives/1276</link>
					<comments>/archives/1276#respond</comments>
		
		<dc:creator><![CDATA[中国人]]></dc:creator>
		<pubDate>Sun, 21 Apr 2024 10:07:15 +0000</pubDate>
				<category><![CDATA[法律制度]]></category>
		<guid isPermaLink="false">http://chinaman.cloudns.ch/?p=1276</guid>

					<description><![CDATA[<p>美国：实行的是“出生死亡登记大纲”。因为实行“户口 [&#8230;]</p>
<p><a href="/archives/1276">为什么户籍制度不能消除？全世界只有三个国家有户籍制度，分别是中国、朝鲜、非洲贝宁</a>最先出现在<a href="/">中国人</a>。</p>
]]></description>
										<content:encoded><![CDATA[
<p>美国：实行的是“出生死亡登记大纲”。因为实行“户口登记”美国法律通不过，美国法律认为这样侵犯人权，故只进行公民出生、死亡登记，平时公民可以自由迁移、移民。但公民迁移和移居某地，其生活状态必须符合该城市卫生及相关法律规定，如有一定的住房面积，有稳定的收入能呆在该地。否则，有关部门将出面予以法律制裁，用这种方法维护一个城市的和谐和发展。</p>



<p>法国：户籍管理内容十分详尽，不仅有公民出生年月、性别、单双胞胎等内容，而且还有其父母的职业、经济收入、国籍、宗教信仰等相关内容。法国人的户籍信息与他们的就医、存款等日常生活紧密相关，一旦变动，意味着整个生活将发生较大变化，可谓牵一发而动全身。对于跨地区的人口流动—不论是城里人下乡，还是农村人进城，法国政府都没有任何强制性的行政措施，只要本人愿意，到哪儿扎根都没有人拦着。搬家的话，只需通知以前的社会保险机构，将其个人资料转到新住址所在地的相应机构即可。</p>



<p>日本：实行的是“户口随人走”的制度，它以家庭为单位标明每个人的身份、夫妻关系、父子关系等。孩子在20岁的法定成人之前，无权独立设立自己的户籍，一旦成人，完全自由。但是日本最常用的户籍文本称为“住民票”，它以每个人的居住地为基础设立，标有此人的姓名、出生年月日、性别、与户主的关系等。日本的住民票是完全随着住址移动的。</p>
<p><a href="/archives/1276">为什么户籍制度不能消除？全世界只有三个国家有户籍制度，分别是中国、朝鲜、非洲贝宁</a>最先出现在<a href="/">中国人</a>。</p>
]]></content:encoded>
					
					<wfw:commentRss>/archives/1276/feed</wfw:commentRss>
			<slash:comments>0</slash:comments>
		
		
			</item>
		<item>
		<title>山东企业家称返乡投资6亿，遭政府违约，致厂房荒废15年</title>
		<link>/archives/1273</link>
					<comments>/archives/1273#respond</comments>
		
		<dc:creator><![CDATA[中国人]]></dc:creator>
		<pubDate>Sun, 21 Apr 2024 09:54:51 +0000</pubDate>
				<category><![CDATA[法律制度]]></category>
		<guid isPermaLink="false">http://chinaman.cloudns.ch/?p=1273</guid>

					<description><![CDATA[<p>滨州经济技术开发区，合同有效，但须按照现在的法律政 [&#8230;]</p>
<p><a href="/archives/1273">山东企业家称返乡投资6亿，遭政府违约，致厂房荒废15年</a>最先出现在<a href="/">中国人</a>。</p>
]]></description>
										<content:encoded><![CDATA[
<p>滨州经济技术开发区，合同有效，但须按照现在的法律政策执行。4月16日，滨州经济技术开发区党工委委员，管委会副主任付国岭接受顶端新闻记者采访时说。</p>



<p>居然回山东创业，可以判断，这个当事人以前赚的钱也是凭运气赚的。但凡有点儿脑子，怎么会回山东创业呢，一个喝酒让座半小时，鱼头对着谁都讲究的地方，怎么可能适合创业。</p>



<p>我刚看完，很生气，统一门头，统一墙皮颜色的地方，不适合就业，不适合投资。</p>



<p></p>
<p><a href="/archives/1273">山东企业家称返乡投资6亿，遭政府违约，致厂房荒废15年</a>最先出现在<a href="/">中国人</a>。</p>
]]></content:encoded>
					
					<wfw:commentRss>/archives/1273/feed</wfw:commentRss>
			<slash:comments>0</slash:comments>
		
		
			</item>
		<item>
		<title>美国为什么没有人敢卖假货？如果你在美国买到假货，你就赚到了</title>
		<link>/archives/1267</link>
					<comments>/archives/1267#respond</comments>
		
		<dc:creator><![CDATA[中国人]]></dc:creator>
		<pubDate>Sun, 21 Apr 2024 09:35:15 +0000</pubDate>
				<category><![CDATA[法律制度]]></category>
		<guid isPermaLink="false">http://chinaman.cloudns.ch/?p=1267</guid>

					<description><![CDATA[<p>老美为什么没有卖假货的呢？如果你在美国买到假货，那 [&#8230;]</p>
<p><a href="/archives/1267">美国为什么没有人敢卖假货？如果你在美国买到假货，你就赚到了</a>最先出现在<a href="/">中国人</a>。</p>
]]></description>
										<content:encoded><![CDATA[
<p>老美为什么没有卖假货的呢？如果你在美国买到假货，那恭喜你，很可能你就实现财富自由了。在美国对于卖假货的商家，可不是罚款罚到破产那么简单，很有可能你就被送到局子里去了。上到酷奇、香奈儿、lv这类奢饰品品牌，下到每天吃的肉果饮料，用的纸巾肥皂，都必须标了什么成分，就是什么成分。不仅如此，在美国的联邦食品药物管理局，所有上架的食品，都必须经过严格的审批。如果你吃到一个不合格的食品，或者药品，你甚至可以告联邦食品药物管理局失职。</p>



<p>我为中国人感到骄傲，在中国买不到真货。</p>



<p>这个应该是很多中国人去外国定居的主要原因。</p>



<p>好政策，国家才能发展。</p>



<p>美国没有专供。</p>



<p>没有权利的我很想说，就该这样，可是我说了不算。</p>
<p><a href="/archives/1267">美国为什么没有人敢卖假货？如果你在美国买到假货，你就赚到了</a>最先出现在<a href="/">中国人</a>。</p>
]]></content:encoded>
					
					<wfw:commentRss>/archives/1267/feed</wfw:commentRss>
			<slash:comments>0</slash:comments>
		
		
			</item>
		<item>
		<title>因”莫名其妙“地身揣了逃犯的身份证，安徽省利辛县智障男子被判参与抢劫案坐牢9年，出狱后不久去世</title>
		<link>/archives/1261</link>
					<comments>/archives/1261#respond</comments>
		
		<dc:creator><![CDATA[中国人]]></dc:creator>
		<pubDate>Sun, 21 Apr 2024 09:08:51 +0000</pubDate>
				<category><![CDATA[法律制度]]></category>
		<guid isPermaLink="false">http://chinaman.cloudns.ch/?p=1261</guid>

					<description><![CDATA[<p>2005年，他从家人和村民的视线中“消失”，音讯全 [&#8230;]</p>
<p><a href="/archives/1261">因”莫名其妙“地身揣了逃犯的身份证，安徽省利辛县智障男子被判参与抢劫案坐牢9年，出狱后不久去世</a>最先出现在<a href="/">中国人</a>。</p>
]]></description>
										<content:encoded><![CDATA[
<p>2005年，他从家人和村民的视线中“消失”，音讯全无。2007年，南京建邺警方在流动人口普查时，发现了在南京打工的“傻子”。因身上持有一张汕头抢劫案在逃犯人“刘西文”的身份证，“傻子”当场被抓，并以刘西文的身份被判抢劫罪，入狱服刑。</p>



<p>服刑期间，监狱的管教发现“傻子”的真实姓名是李四强，这一“乌龙”被上报后，李四强没有获得自由，法院调查后，裁定他冒用“刘西文”身份参与了汕头抢劫案，随后将判决中的“刘西文”更正为“李四强”，“傻子”继续在狱中服刑。</p>



<p>2016年，服刑完毕的李四强回到老家，家人们得知他的经历后，认为抢劫案发时间段，李四强在安徽利辛的村子里，不在广东汕头，没有做案可能，于是决定帮他申诉。七年过去，李四强的家人始终没有放弃申诉，而“傻子”李四强，早在出狱后两个月因病重不治，离开了人世。</p>



<p>嫌犯的身份证怎么到他身上的？</p>
<p><a href="/archives/1261">因”莫名其妙“地身揣了逃犯的身份证，安徽省利辛县智障男子被判参与抢劫案坐牢9年，出狱后不久去世</a>最先出现在<a href="/">中国人</a>。</p>
]]></content:encoded>
					
					<wfw:commentRss>/archives/1261/feed</wfw:commentRss>
			<slash:comments>0</slash:comments>
		
		
			</item>
		<item>
		<title>从WTO到CPTPP有多困难，越南恰恰就在这个群里面。CPTPP都是高端玩家</title>
		<link>/archives/1249</link>
					<comments>/archives/1249#respond</comments>
		
		<dc:creator><![CDATA[中国人]]></dc:creator>
		<pubDate>Sun, 21 Apr 2024 08:21:31 +0000</pubDate>
				<category><![CDATA[法律制度]]></category>
		<guid isPermaLink="false">http://chinaman.cloudns.ch/?p=1249</guid>

					<description><![CDATA[<p>CPTPP相当于WTO的一个VIP房间，高端玩家的 [&#8230;]</p>
<p><a href="/archives/1249">从WTO到CPTPP有多困难，越南恰恰就在这个群里面。CPTPP都是高端玩家</a>最先出现在<a href="/">中国人</a>。</p>
]]></description>
										<content:encoded><![CDATA[
<p>CPTPP相当于WTO的一个VIP房间，高端玩家的高端局，WTO如果比喻成小学水平的话，CPTPP意思全面与进步，跨太平洋伙伴关系的协定。是高中水平。那么美加澳自贸区是大学水平。这些群需要很多的 开放条件才能加入的。我国从2020年准备到2023年6月，为了达到高中水平，加入CPTPP的组织，商务部改了2300多项条款，然后递交加入CPTPPde交流文件。这里面最终需要满足的五大条件，一是稳定和透明的政治制度；二是开放自由经济的环境；三是长期潜力的市场；第四是劳动者在生活和工作中良好的权益；第五是其他成员国的一致同意。那么CPTPP的成员国目前有12个国家。包括日本英国澳大利亚文莱加拿大智利马来西亚墨西哥新西兰秘鲁新加坡和越南（未来可以移民的国家），恰恰我们最不可思议的是越南，他就在这个群里。</p>
<p><a href="/archives/1249">从WTO到CPTPP有多困难，越南恰恰就在这个群里面。CPTPP都是高端玩家</a>最先出现在<a href="/">中国人</a>。</p>
]]></content:encoded>
					
					<wfw:commentRss>/archives/1249/feed</wfw:commentRss>
			<slash:comments>0</slash:comments>
		
		
			</item>
		<item>
		<title>有人提出“离境税”的建议，凯恩斯的市场总是很大</title>
		<link>/archives/1163</link>
					<comments>/archives/1163#respond</comments>
		
		<dc:creator><![CDATA[中国人]]></dc:creator>
		<pubDate>Fri, 19 Apr 2024 00:58:16 +0000</pubDate>
				<category><![CDATA[法律制度]]></category>
		<guid isPermaLink="false">http://chinaman.cloudns.ch/?p=1163</guid>

					<description><![CDATA[<p>看到有学者提出这个建议，这个还是挺吓人的。首先这个 [&#8230;]</p>
<p><a href="/archives/1163">有人提出“离境税”的建议，凯恩斯的市场总是很大</a>最先出现在<a href="/">中国人</a>。</p>
]]></description>
										<content:encoded><![CDATA[
<p>看到有学者提出这个建议，这个还是挺吓人的。首先这个建议，它的本质，它就是一个多数人的一个暴力。很显然你提出这样的建议，99.99999%的人都会点赞、都会推崇、都会喜欢。因为跟他们没有关系，看似你越搞这样的事情，对他们越有利，这就是迎合大多数人的一个建议。第二点，这个是典型的一爱之名，来祸害你的 建议。表面上是为了大多数人好，大多数人都表示同意，结果就是把大多数人都往火坑里推。第三，这个建议的内核，还是凯恩斯主义。还是计划经济在作祟。他的本质是管理，是堵。我们大家都知道的，要想盘活经济，真正重要的金钥匙，这个历史已经在证明了，不是“堵”而是“疏”。不是官而是放。经济真正的活力，让人可以自由自在的去发展。你搞太多的“堵”的措施，哪来的活力。这是一个瞎霍霍的建议，是一个害人的建议，有华丽的 外衣而已。假如真有这样的措施出台，那会有很多很多的人害怕了，不但不能阻止一些人带着自己的财富离开，很可能会加速更多的人离开。还有你搞这样的东西，很多人都不愿意进来了。现在是全球化的时代，很多人才他自由的流动，选择高收入的地方，通过自己的努力，在一个可以施展才华的地方，发挥自己的才能。你搞这样的措施，那优秀的人才谁还来你这就业。这是一个有来无回的地方。你只有让人家自己的出入，人家才可能自由的进来。&#8211;重烘培</p>



<p>弃籍税不是离境税。</p>



<p>他人的合法收入，爱怎么花就怎么花，这是原则。一个企业或个人该交的税交了，发生的社会问题就跟他没有关系。人民的日子不好过，是不是贪污腐败了，是不是大搞形象工程了，是不是拆了建建了拆了。</p>
<p><a href="/archives/1163">有人提出“离境税”的建议，凯恩斯的市场总是很大</a>最先出现在<a href="/">中国人</a>。</p>
]]></content:encoded>
					
					<wfw:commentRss>/archives/1163/feed</wfw:commentRss>
			<slash:comments>0</slash:comments>
		
		
			</item>
		<item>
		<title>为啥中国不可随便断供房子，但是美国可以，因为美国实施的是无追索权</title>
		<link>/archives/28</link>
					<comments>/archives/28#respond</comments>
		
		<dc:creator><![CDATA[中国人]]></dc:creator>
		<pubDate>Thu, 11 Apr 2024 07:22:14 +0000</pubDate>
				<category><![CDATA[法律制度]]></category>
		<guid isPermaLink="false">https://demo.adorethemes.com/adore-blog-pro/?p=28</guid>

					<description><![CDATA[<p>为什么中国不可以随便断供房子，而美国可以，因为美国 [&#8230;]</p>
<p><a href="/archives/28">为啥中国不可随便断供房子，但是美国可以，因为美国实施的是无追索权</a>最先出现在<a href="/">中国人</a>。</p>
]]></description>
										<content:encoded><![CDATA[<p>为什么中国不可以随便断供房子，而美国可以，因为美国实施的是无追索权。简单来说，就是从银行贷款100万，如果房子只拍卖了70万，少的30万银行自认倒霉。而中国执行的是有追索权，银行贷款100万，房子只拍卖了70万，另外的30万，银行会追着你要。你要是还不上，对不起，你名下财产都将会拍卖完，直到还完为止。</p>
<p>为什么美国可以，中国不可以。因为美国人民说了算，法律先保护人民。而中国政府说了算，法律先保护政府的银行。津巴布韦和委内瑞拉这两个国家的政府，永远不会欠人民一分钱，但这样的政府有什么存在的价值。</p>
<p>房价上涨时政府推波助澜，从中获取高额的回报，房价下跌时，政府完全甩手撇清关系。看似愿赌服输，各安天命。但是当国家民不聊生时，政府真能撇清关系吗？美国政府从不这样做，美国政府从不推波助澜，也不会从中获取高额回报。美国的银行都是个人的，银行把钱借出去肯定要承担风险。美国有破产保护，银行不能因为别人欠他钱，他就可以把别人整死。换句话说，美国的穷人没有任何责任，一个人变成穷人后，他便可以不用承担任何责任。</p>
<p><a href="/archives/28">为啥中国不可随便断供房子，但是美国可以，因为美国实施的是无追索权</a>最先出现在<a href="/">中国人</a>。</p>
]]></content:encoded>
					
					<wfw:commentRss>/archives/28/feed</wfw:commentRss>
			<slash:comments>0</slash:comments>
		
		
			</item>
	</channel>
</rss>
