<?xml version="1.0" encoding="UTF-8"?><rss version="2.0"
	xmlns:content="http://purl.org/rss/1.0/modules/content/"
	xmlns:dc="http://purl.org/dc/elements/1.1/"
	xmlns:atom="http://www.w3.org/2005/Atom"
	xmlns:sy="http://purl.org/rss/1.0/modules/syndication/"
	
	>
<channel>
	<title>
	「为什么国内富豪都跑了？这事儿其实不新鲜，刘强东5.6亿急买欧洲超级豪宅」的评论	</title>
	<atom:link href="/archives/1202/feed" rel="self" type="application/rss+xml" />
	<link>/archives/1202</link>
	<description></description>
	<lastBuildDate>Mon, 22 Apr 2024 03:42:10 +0000</lastBuildDate>
	<sy:updatePeriod>
	hourly	</sy:updatePeriod>
	<sy:updateFrequency>
	1	</sy:updateFrequency>
	<generator>https://wordpress.org/?v=6.5.2</generator>
</channel>
</rss>
