<?xml version="1.0" encoding="UTF-8"?><rss version="2.0"
	xmlns:content="http://purl.org/rss/1.0/modules/content/"
	xmlns:dc="http://purl.org/dc/elements/1.1/"
	xmlns:atom="http://www.w3.org/2005/Atom"
	xmlns:sy="http://purl.org/rss/1.0/modules/syndication/"
	
	>
<channel>
	<title>
	「帝王治天下，只要按一下，世袭的君主怎么可能圣明，肯定是一代不如一代」的评论	</title>
	<atom:link href="/archives/1185/feed" rel="self" type="application/rss+xml" />
	<link>/archives/1185</link>
	<description></description>
	<lastBuildDate>Fri, 19 Apr 2024 03:12:37 +0000</lastBuildDate>
	<sy:updatePeriod>
	hourly	</sy:updatePeriod>
	<sy:updateFrequency>
	1	</sy:updateFrequency>
	<generator>https://wordpress.org/?v=6.5.2</generator>
</channel>
</rss>
