<?xml version="1.0" encoding="UTF-8"?><rss version="2.0"
	xmlns:content="http://purl.org/rss/1.0/modules/content/"
	xmlns:dc="http://purl.org/dc/elements/1.1/"
	xmlns:atom="http://www.w3.org/2005/Atom"
	xmlns:sy="http://purl.org/rss/1.0/modules/syndication/"
	
	>
<channel>
	<title>
	「大型记录片之柬埔寨波尔布特的传奇一生，他证明了人类文明是可逆的」的评论	</title>
	<atom:link href="/archives/1312/feed" rel="self" type="application/rss+xml" />
	<link>/archives/1312</link>
	<description></description>
	<lastBuildDate>Tue, 23 Apr 2024 04:10:07 +0000</lastBuildDate>
	<sy:updatePeriod>
	hourly	</sy:updatePeriod>
	<sy:updateFrequency>
	1	</sy:updateFrequency>
	<generator>https://wordpress.org/?v=6.5.2</generator>
</channel>
</rss>
