<?xml version="1.0" encoding="UTF-8"?><rss version="2.0"
	xmlns:content="http://purl.org/rss/1.0/modules/content/"
	xmlns:dc="http://purl.org/dc/elements/1.1/"
	xmlns:atom="http://www.w3.org/2005/Atom"
	xmlns:sy="http://purl.org/rss/1.0/modules/syndication/"
	
	>
<channel>
	<title>
	「轰动全网的黎族婚礼，凉山婚礼，这家还算是比较好的，这样的情况很正常」的评论	</title>
	<atom:link href="/archives/1236/feed" rel="self" type="application/rss+xml" />
	<link>/archives/1236</link>
	<description></description>
	<lastBuildDate>Sun, 21 Apr 2024 07:41:33 +0000</lastBuildDate>
	<sy:updatePeriod>
	hourly	</sy:updatePeriod>
	<sy:updateFrequency>
	1	</sy:updateFrequency>
	<generator>https://wordpress.org/?v=6.5.2</generator>
</channel>
</rss>
