<?xml version="1.0" encoding="UTF-8"?><rss version="2.0"
	xmlns:content="http://purl.org/rss/1.0/modules/content/"
	xmlns:dc="http://purl.org/dc/elements/1.1/"
	xmlns:atom="http://www.w3.org/2005/Atom"
	xmlns:sy="http://purl.org/rss/1.0/modules/syndication/"
	
	>
<channel>
	<title>
	「利辛街头，惊现新型运输车，架子车！架子车！百公里仅需一身汗」的评论	</title>
	<atom:link href="/archives/29/feed" rel="self" type="application/rss+xml" />
	<link>/archives/29</link>
	<description></description>
	<lastBuildDate>Thu, 18 Apr 2024 09:44:31 +0000</lastBuildDate>
	<sy:updatePeriod>
	hourly	</sy:updatePeriod>
	<sy:updateFrequency>
	1	</sy:updateFrequency>
	<generator>https://wordpress.org/?v=6.5.2</generator>
</channel>
</rss>
