<?xml version="1.0" encoding="UTF-8"?><rss version="2.0"
	xmlns:content="http://purl.org/rss/1.0/modules/content/"
	xmlns:wfw="http://wellformedweb.org/CommentAPI/"
	xmlns:dc="http://purl.org/dc/elements/1.1/"
	xmlns:atom="http://www.w3.org/2005/Atom"
	xmlns:sy="http://purl.org/rss/1.0/modules/syndication/"
	xmlns:slash="http://purl.org/rss/1.0/modules/slash/"
	>

<channel>
	<title>文化运动归档 - 中国人</title>
	<atom:link href="/archives/category/sports/feed" rel="self" type="application/rss+xml" />
	<link>/archives/category/sports</link>
	<description></description>
	<lastBuildDate>Tue, 23 Apr 2024 04:28:41 +0000</lastBuildDate>
	<language>zh-CN</language>
	<sy:updatePeriod>
	hourly	</sy:updatePeriod>
	<sy:updateFrequency>
	1	</sy:updateFrequency>
	<generator>https://wordpress.org/?v=6.5.2</generator>

<image>
	<url>/wp-content/uploads/2024/04/cropped-0-1-32x32.jpg</url>
	<title>文化运动归档 - 中国人</title>
	<link>/archives/category/sports</link>
	<width>32</width>
	<height>32</height>
</image> 
	<item>
		<title>大清官员还是要脸的，杀害秋瑾的浙江巡抚张曾扬</title>
		<link>/archives/1321</link>
					<comments>/archives/1321#respond</comments>
		
		<dc:creator><![CDATA[中国人]]></dc:creator>
		<pubDate>Tue, 23 Apr 2024 04:28:36 +0000</pubDate>
				<category><![CDATA[文化运动]]></category>
		<guid isPermaLink="false">http://chinaman.cloudns.ch/?p=1321</guid>

					<description><![CDATA[<p>秋瑾被害后，清政府迫于舆论压力，将杀害秋瑾的浙江巡 [&#8230;]</p>
<p><a href="/archives/1321">大清官员还是要脸的，杀害秋瑾的浙江巡抚张曾扬</a>最先出现在<a href="/">中国人</a>。</p>
]]></description>
										<content:encoded><![CDATA[
<p>秋瑾被害后，清政府迫于舆论压力，将杀害秋瑾的浙江巡抚张曾扬调到江苏，江苏民众上街游行，拒绝他来当巡抚。清政府再他改任山西，山西民众也强烈反对，忧郁成疾，辞官回乡，最终惨死的家中，大清官员还是要脸的。</p>
<p><a href="/archives/1321">大清官员还是要脸的，杀害秋瑾的浙江巡抚张曾扬</a>最先出现在<a href="/">中国人</a>。</p>
]]></content:encoded>
					
					<wfw:commentRss>/archives/1321/feed</wfw:commentRss>
			<slash:comments>0</slash:comments>
		
		
			</item>
		<item>
		<title>易中天的忠告：下一辈人看上一辈，比上一辈看下一辈更清楚</title>
		<link>/archives/1318</link>
					<comments>/archives/1318#respond</comments>
		
		<dc:creator><![CDATA[中国人]]></dc:creator>
		<pubDate>Tue, 23 Apr 2024 04:18:48 +0000</pubDate>
				<category><![CDATA[文化运动]]></category>
		<guid isPermaLink="false">http://chinaman.cloudns.ch/?p=1318</guid>

					<description><![CDATA[<p>这是很多父母很喜欢跟孩子说的三句话，不管是从出发点 [&#8230;]</p>
<p><a href="/archives/1318">易中天的忠告：下一辈人看上一辈，比上一辈看下一辈更清楚</a>最先出现在<a href="/">中国人</a>。</p>
]]></description>
										<content:encoded><![CDATA[
<p>这是很多父母很喜欢跟孩子说的三句话，不管是从出发点，还是从爱惜孩子上来讲，这三句话都没有错，但是父母一旦跟孩子这样说，就是错的。易中天表示，<strong>孩子不知道，也不想知道，甚至还会有些反感</strong>。</p>



<p>易中天先生认为：<strong>你吃盐吃多了，过得桥过多了，你的脑袋里装了很多教条</strong>。</p>



<p>我很赞同易中天先生这个看法，<strong>有些父母自己格局本来就有限，还把条条框框教给孩子，这是对孩子的束缚</strong>。我们<strong>吃过那么多盐，走过那么多桥，未必能过好自己这一生</strong>，再把自己错误的观点教给孩子，无疑是害了孩子。</p>



<p>易中天给所有父母一句忠告：<strong>下一辈看上一辈，永远比上一辈看下一辈看得清楚</strong>。</p>



<p>易中天说他爸爸根本不了解他，也看不懂他，所以到了他这一代，他从不给孩子说这三句话，也不愿意站在导师的角度，站在长者的角度来教育孩子，如果教育做不到平等，孩子就无法站直腰杆。</p>
<p><a href="/archives/1318">易中天的忠告：下一辈人看上一辈，比上一辈看下一辈更清楚</a>最先出现在<a href="/">中国人</a>。</p>
]]></content:encoded>
					
					<wfw:commentRss>/archives/1318/feed</wfw:commentRss>
			<slash:comments>0</slash:comments>
		
		
			</item>
		<item>
		<title>彭佩云：计划生育的国策，要一百年不动摇！</title>
		<link>/archives/1315</link>
					<comments>/archives/1315#respond</comments>
		
		<dc:creator><![CDATA[中国人]]></dc:creator>
		<pubDate>Tue, 23 Apr 2024 04:14:02 +0000</pubDate>
				<category><![CDATA[文化运动]]></category>
		<guid isPermaLink="false">http://chinaman.cloudns.ch/?p=1315</guid>

					<description><![CDATA[<p>计划生育曾是基本国策，长期执行。但时与时异，随着经 [&#8230;]</p>
<p><a href="/archives/1315">彭佩云：计划生育的国策，要一百年不动摇！</a>最先出现在<a href="/">中国人</a>。</p>
]]></description>
										<content:encoded><![CDATA[
<p>计划生育曾是基本国策，长期执行。但时与时异，随着经济的发展，社会的进步，它也进一步调整。现在也已经放开了三胎，只不过我国的人口 却已经负增长。</p>



<p>没有脸，所以无法打脸。</p>
<p><a href="/archives/1315">彭佩云：计划生育的国策，要一百年不动摇！</a>最先出现在<a href="/">中国人</a>。</p>
]]></content:encoded>
					
					<wfw:commentRss>/archives/1315/feed</wfw:commentRss>
			<slash:comments>0</slash:comments>
		
		
			</item>
		<item>
		<title>大型记录片之柬埔寨波尔布特的传奇一生，他证明了人类文明是可逆的</title>
		<link>/archives/1312</link>
					<comments>/archives/1312#respond</comments>
		
		<dc:creator><![CDATA[中国人]]></dc:creator>
		<pubDate>Tue, 23 Apr 2024 04:10:04 +0000</pubDate>
				<category><![CDATA[文化运动]]></category>
		<guid isPermaLink="false">http://chinaman.cloudns.ch/?p=1312</guid>

					<description><![CDATA[<p>给他一个最高领导人的职位，他能将城市化率迅速减少到 [&#8230;]</p>
<p><a href="/archives/1312">大型记录片之柬埔寨波尔布特的传奇一生，他证明了人类文明是可逆的</a>最先出现在<a href="/">中国人</a>。</p>
]]></description>
										<content:encoded><![CDATA[
<p>给他一个最高领导人的职位，他能将城市化率迅速减少到0%，再给他5年时间，他能让人口减少1/3。他掌权前，金边是一座拥有200万人口的大城市，他掌权后，金边的鬼比人还多。他就是柬埔寨的伟大领袖，现代文明的终结者&#8211;波尔布特。</p>



<p>在他到来前，柬埔寨是一个堕落的资本主义社会，他到来后人民都过上了每天24小时睡眠的美好生活。然而像波尔布特这样百年一遇的人才，也难免有人指责，不过波尔布特却说：</p>



<p>“朋友越是支持我，越说明我做对了。敌人越是反对我，越说明我做对了。朋友若是反对我，说明朋友已经变成的敌人。敌人越是反对我，越说明我做对了。有缺陷的战士终究是战士，再完美的苍蝇也终归是苍蝇。”</p>



<p>此话一出，非洲三大明君都对他赞不绝口。乌干达总统伊迪阿明表示，在他面前，我治国理政的才能根本不值一提。（伊迪阿明以恐怖手段维持独裁统治，杀害了所有异己份子。在阿明统治的8年中，约有10万~50万乌干达人被杀。在外交上，乌干达与英国、以色列、美国断交，倒向苏联和阿拉伯国家。阿明与中非皇帝博卡萨、扎伊尔总统蒙博托被并称为“非洲三大暴君”。）</p>



<p>美国五星级上将麦克阿瑟评价，波尔布特走后，他们给你们修建学校和医院，不是因为他们是好人，也不是因为他们良心发现了，而是波尔布特把学校和医院都拆了。</p>
<p><a href="/archives/1312">大型记录片之柬埔寨波尔布特的传奇一生，他证明了人类文明是可逆的</a>最先出现在<a href="/">中国人</a>。</p>
]]></content:encoded>
					
					<wfw:commentRss>/archives/1312/feed</wfw:commentRss>
			<slash:comments>0</slash:comments>
		
		
			</item>
		<item>
		<title>最愚蠢的经济手段是什么？就是刺激消费</title>
		<link>/archives/1309</link>
					<comments>/archives/1309#respond</comments>
		
		<dc:creator><![CDATA[中国人]]></dc:creator>
		<pubDate>Tue, 23 Apr 2024 03:46:00 +0000</pubDate>
				<category><![CDATA[文化运动]]></category>
		<guid isPermaLink="false">http://chinaman.cloudns.ch/?p=1309</guid>

					<description><![CDATA[<p>如果一个经济学家提出要刺激消费，那他不是蠢就是坏。 [&#8230;]</p>
<p><a href="/archives/1309">最愚蠢的经济手段是什么？就是刺激消费</a>最先出现在<a href="/">中国人</a>。</p>
]]></description>
										<content:encoded><![CDATA[
<p>如果一个经济学家提出要刺激消费，那他不是蠢就是坏。最愚蠢的经济手段就是刺激消费。靠刺激消费拉动经济，纯属胡说八道。</p>



<p>任何一个经济学家，在现今的局面下，提出刺激消费，我们就可以直接给他定性，他不是蠢就是坏。</p>



<p>今天我们好好讨论一下，把消费不足当成经济问题的所谓的专家。消费的问题四经济的核心问题，但刺激消费的操作，就未必是解决问题的方法了。马不跑那这个问题确实是问题，你要弄明白他的根源是什么，是他偷懒了，还是他饿了，还是他跑累了？</p>



<p>刺激消费这个策略就是拿鞭子去抽这匹马，逼着马继续跑。如果真是马偷懒，这个没有问题。如果不是呢，你继续抽他，他就口吐白沫了，很有可能就累倒了累死了。现在经济的状况不是偷懒，而是饿了，这个时候你往死里折腾他，他肯定会死的很难看。</p>



<p>增加消费，增加就业，逐渐提高消费的能力，等人有了钱，自然就会去消费了。</p>
<p><a href="/archives/1309">最愚蠢的经济手段是什么？就是刺激消费</a>最先出现在<a href="/">中国人</a>。</p>
]]></content:encoded>
					
					<wfw:commentRss>/archives/1309/feed</wfw:commentRss>
			<slash:comments>0</slash:comments>
		
		
			</item>
		<item>
		<title>胡适认为自由不是奢饰品，而是必需品</title>
		<link>/archives/1293</link>
					<comments>/archives/1293#respond</comments>
		
		<dc:creator><![CDATA[中国人]]></dc:creator>
		<pubDate>Mon, 22 Apr 2024 05:30:45 +0000</pubDate>
				<category><![CDATA[文化运动]]></category>
		<guid isPermaLink="false">http://chinaman.cloudns.ch/?p=1293</guid>

					<description><![CDATA[<p>何为自由？自由真正的意义是什么？如何实践落实自由？ [&#8230;]</p>
<p><a href="/archives/1293">胡适认为自由不是奢饰品，而是必需品</a>最先出现在<a href="/">中国人</a>。</p>
]]></description>
										<content:encoded><![CDATA[
<p>何为自由？自由真正的意义是什么？如何实践落实自由？自由是抽象性名词，亦是具象性名词。胡适认为自由不是奢饰品，而是必需品。必须秉持该种意识方可拥有自由。要知道胡适思想倡导的个人主义、国民性改造、世界公民，此三者核心前提便是自由。现在听一段胡适谈及该名词的讲话：思想是自由思想，是提倡思想自由的思想。在我可以说是40年来，40年来如一日，40年来不断地提倡“人要自由”。一个自由的国家不是一帮奴才能够创造的，自由国家只有自由的人才能够创造的，爱自由如生命，爱自由如面包，爱自由比面包还重要，比生命还重要，只有这种人才能够创造出一个自由的国家。</p>
<p><a href="/archives/1293">胡适认为自由不是奢饰品，而是必需品</a>最先出现在<a href="/">中国人</a>。</p>
]]></content:encoded>
					
					<wfw:commentRss>/archives/1293/feed</wfw:commentRss>
			<slash:comments>0</slash:comments>
		
		
			</item>
		<item>
		<title>阿根廷总统米莱的一句名言，凡是享受特权的人都是人民的敌人</title>
		<link>/archives/1277</link>
					<comments>/archives/1277#respond</comments>
		
		<dc:creator><![CDATA[中国人]]></dc:creator>
		<pubDate>Sun, 21 Apr 2024 10:01:36 +0000</pubDate>
				<category><![CDATA[文化运动]]></category>
		<guid isPermaLink="false">http://chinaman.cloudns.ch/?p=1277</guid>

					<description><![CDATA[<p>“凡是享受特权的人，都是人民的敌人”，阿根廷总统米 [&#8230;]</p>
<p><a href="/archives/1277">阿根廷总统米莱的一句名言，凡是享受特权的人都是人民的敌人</a>最先出现在<a href="/">中国人</a>。</p>
]]></description>
										<content:encoded><![CDATA[
<p>“凡是享受特权的人，都是人民的敌人”，阿根廷总统米莱的这句话犹如一颗重磅炸弹，在中国互联网掀起了轩然大波。这句话犹如一把锋利的匕首，直刺特权现象的要害，激起了人们对公平正义的强烈渴望和追求。</p>



<p>在我们的社会中，特权的存在形式多种多样，它不仅表现在经济领域的财富分配上，也体现在政治领域的影响力角逐中。<br>这种根深蒂固的现象如一条无形的链条，束缚着广大民众的手脚，使他们很难获得平等的竞争机会。<br>特权阶层往往掌控着重要的社会资源和决策权，这不仅导致了资源配置不公，拉大了贫富差距，更严重的是，权力的无节制使用破坏了制度的平衡，激化社会矛盾，从而影响社会的稳定发展。<br>为了打破这种不平等的局面，一个名叫米莱的政治家站了出来。作为一名具有远见的总统候选人，他深知特权之害，并在竞选中明确提出要消除特权的影响，建立一个基于公平正义的社会。<br>在他的努力下，米莱成功当选为阿根廷新一届的总统。就在上任之际，他在一场激情满怀的演讲中再次重申了他的信念，那就是打破旧有的利益集团，重塑政治与经济的格局。<br>他强调法治的重要性，倡导公民权利的平等，并提出要实现人人都有均等发展机会的理想目标。<br>这次演讲不仅激发了阿根廷人民的斗志，也在国际上引起了强烈的共鸣，成为全世界范围内反对特权的象征。<br>但米莱总统并没有仅仅停留在口头的抗议。一上台，他就采取了坚决的行动，首先是清理政府内部的贪污腐化分子，这些人往往是特权阶层的代表。<br>接着他推动了一系列立法改革，明确规定禁止官员享受特殊待遇，要求所有政府部门提高信息公开度，确保公共资源能被公正合理地分配和使用。<br>在米莱的领导下，整个政府变得更为高效和有操守。这些措施赢得了公众的信任和赞誉。政府办事的效率大幅提高，行政透明度的加强也让人民看到了希望。<br>他们开始相信，在这个国家，每个人都将有平等的机会去争取自己的幸福和未来。<br>经过一段时间的努力，阿根廷的社会环境得到明显改善。贫富差距在逐渐缩小，政治环境趋于清廉。<br>米莱总统所提倡的公平、正义与平等已深入人心。人们普遍认为，这个国家和他们的生活正朝着更加光明的方向前行。<br>而这一切的变化，都得益于米莱总统和他的团队所付出的巨大努力以及他们对于特权问题的深刻理解和坚定反对。最终，公众对政府的信任与满意度得到了显著的提升。<br>阿根廷的人民满怀期待地注视着米莱总统的努力，他们相信，只要坚持这样的方向，阿根廷就能够摆脱特权的阴影，迎来一个更公平、更具包容性的未来。人们希望看到他们的国家在政治领域不断改革，朝着一个所有人都有平等机会的社会迈进。<br>在这个问题上，我们要坚定地认识到特权是公平公正最大的敌人。特权的存在扭曲了权力应有的性质，让一部分人获得了不应该有的特权地位，我们必须努力打破这种现状，让我们的社会恢复公平和正义的价值。<br>正如米莱总统所说，一个没有特权的社会将会更公正。我们每个人都应该为此而努力，一起打造一个没有特权的未来，让每个人都能在社会中找到属于自己的位置，共同创造更多的机会和可能。<br>这是一个目标，也是我们对未来的承诺。让我们一起努力，为了一个更美好、更公平的社会而奋斗。</p>
<p><a href="/archives/1277">阿根廷总统米莱的一句名言，凡是享受特权的人都是人民的敌人</a>最先出现在<a href="/">中国人</a>。</p>
]]></content:encoded>
					
					<wfw:commentRss>/archives/1277/feed</wfw:commentRss>
			<slash:comments>0</slash:comments>
		
		
			</item>
		<item>
		<title>人家在这里投资建厂，他们说是为了廉价劳动力；人家的工厂高工资高福利，他们说是为了腐蚀年轻人，不让年轻人奋斗</title>
		<link>/archives/1252</link>
					<comments>/archives/1252#respond</comments>
		
		<dc:creator><![CDATA[中国人]]></dc:creator>
		<pubDate>Sun, 21 Apr 2024 08:35:55 +0000</pubDate>
				<category><![CDATA[文化运动]]></category>
		<guid isPermaLink="false">http://chinaman.cloudns.ch/?p=1252</guid>

					<description><![CDATA[<p>人家在这里投资建厂，他们说是为了廉价劳动力；人家的 [&#8230;]</p>
<p><a href="/archives/1252">人家在这里投资建厂，他们说是为了廉价劳动力；人家的工厂高工资高福利，他们说是为了腐蚀年轻人，不让年轻人奋斗</a>最先出现在<a href="/">中国人</a>。</p>
]]></description>
										<content:encoded><![CDATA[
<p>人家在这里投资建厂，他们说是为了廉价劳动力；人家的工厂高工资高福利，他们说是为了腐蚀年轻人，不让年轻人奋斗；人家撤资撤厂，他们有说是为了阻止大清崛起；这张天生就不长一颗牙的嘴，是横说横有理，竖说竖有理。</p>



<p>一般外企都待遇不错的。付款也好，信用等级高。除了国企的厂，其他厂子，问人民喜欢去外资还是喜欢去不是外资的厂。国企还分正式工和临时工。外企月2.5，私企1都不到。</p>
<p><a href="/archives/1252">人家在这里投资建厂，他们说是为了廉价劳动力；人家的工厂高工资高福利，他们说是为了腐蚀年轻人，不让年轻人奋斗</a>最先出现在<a href="/">中国人</a>。</p>
]]></content:encoded>
					
					<wfw:commentRss>/archives/1252/feed</wfw:commentRss>
			<slash:comments>0</slash:comments>
		
		
			</item>
		<item>
		<title>老人摔倒，一不敢扶，二不敢报警，这是谁的错？</title>
		<link>/archives/1208</link>
					<comments>/archives/1208#respond</comments>
		
		<dc:creator><![CDATA[中国人]]></dc:creator>
		<pubDate>Fri, 19 Apr 2024 08:41:52 +0000</pubDate>
				<category><![CDATA[文化运动]]></category>
		<guid isPermaLink="false">http://chinaman.cloudns.ch/?p=1208</guid>

					<description><![CDATA[<p>悲哀啊，现在竟然发展到老人摔倒无人敢扶的地步了，华 [&#8230;]</p>
<p><a href="/archives/1208">老人摔倒，一不敢扶，二不敢报警，这是谁的错？</a>最先出现在<a href="/">中国人</a>。</p>
]]></description>
										<content:encoded><![CDATA[
<p>悲哀啊，现在竟然发展到老人摔倒无人敢扶的地步了，华夏民族到底怎么了，为什么会这样？人心倒了是很难扶起来的。说来说去还是法官睁眼瞎潘扶有错，所以谁敢扶？报警人也难置身事外，过水看前人，也有过前例。为什么没人敢扶，这是有前人教育后人。</p>



<p>如果我遇到这种情况，肯定要扶的，不然良心会受到谴责的。你的条件应该不错啊，支持你，扶一下就不嘴犟了。风险太大。天底下就剩你一个好人，你就好好的活着吧。</p>



<p>有人把这个归根到私有化惹得锅。美国是这样吗，日本是怎样吗，台湾香港是这样吗?</p>



<p>其实这一切的根源都是制度。制度的设定使得我们扶老人的风险变得无限大。如果免费医疗，很多人都敢扶，如果警察不给我们找麻烦，很多人都敢报警。这里有一个道理，是我们不该给警察找麻烦，还是警察不该给我们找麻烦，是谁花的钱养的谁。</p>



<p>国家的东西，人民只有拥有权，没有使用权。你要用你要交钱。</p>
<p><a href="/archives/1208">老人摔倒，一不敢扶，二不敢报警，这是谁的错？</a>最先出现在<a href="/">中国人</a>。</p>
]]></content:encoded>
					
					<wfw:commentRss>/archives/1208/feed</wfw:commentRss>
			<slash:comments>0</slash:comments>
		
		
			</item>
		<item>
		<title>阿根廷总统米莱惊人言论，当你花别人的钱为别人时，它永远不会有效率</title>
		<link>/archives/1205</link>
					<comments>/archives/1205#respond</comments>
		
		<dc:creator><![CDATA[中国人]]></dc:creator>
		<pubDate>Fri, 19 Apr 2024 08:15:46 +0000</pubDate>
				<category><![CDATA[文化运动]]></category>
		<guid isPermaLink="false">http://chinaman.cloudns.ch/?p=1205</guid>

					<description><![CDATA[<p>阿根廷总统米莱惊人言论：“当你花自己的钱为自己时， [&#8230;]</p>
<p><a href="/archives/1205">阿根廷总统米莱惊人言论，当你花别人的钱为别人时，它永远不会有效率</a>最先出现在<a href="/">中国人</a>。</p>
]]></description>
										<content:encoded><![CDATA[
<p>阿根廷总统米莱惊人言论：“当你花自己的钱为自己时，你会智慧使用，当你花自己的钱为别人时，会尽量节省；当你花别人的钱为自己时，就会浪费；最坏的情况是，花别人的钱为别人时，这就是政府干的，他永不会有效率。“”政府还不如强盗，因为对强盗你还可以自卫，对政府你则不能。”“人民不需要有感谢国家，因为国家什么都不能给你，毕竟国家不生产任何东西。换而言之，国家要给你一点什么，必须先从你手中拿走更多。”</p>



<p>这种思想是200年前的欧洲的启蒙思想，西方国家都是这种理念。</p>



<p>这些言论能让大家看到，已经是很大进步了，若是在六七十年代传播这些东西将是死罪，并且牵连儿女。那么问题来了，六七十年代是个什么社会？那个年代被司马南艾跃进们认为是最好的时代。</p>



<p>不羁的外表下有颗如此干净的心。</p>
<p><a href="/archives/1205">阿根廷总统米莱惊人言论，当你花别人的钱为别人时，它永远不会有效率</a>最先出现在<a href="/">中国人</a>。</p>
]]></content:encoded>
					
					<wfw:commentRss>/archives/1205/feed</wfw:commentRss>
			<slash:comments>0</slash:comments>
		
		
			</item>
	</channel>
</rss>
